ngrp,lvdate,exdate,mcode,int_loc
8,24mar1999,30mar1999,9,2
16,16apr1999,16apr1999,,2
3,13apr1999,13apr1999,,2
6,30mar1999,01apr1999,,2
10,26mar1999,26mar1999,9,2
16,14apr1999,14apr1999,4,2
6,01apr1999,01apr1999,19,2
6,01apr1999,01apr1999,19,2
4,28mar1999,28mar1999,19,2
9,31mar1999,31mar1999,19,2
5,18apr1999,18apr1999,19,2
4,13apr1999,19apr1999,4,2
2,18apr1999,18apr1999,22,2
5,01apr1999,04apr1999,19,2
6,03apr1999,03apr1999,19,2
9,15jan1999,15jan1999,18,2
7,14mar1999,07apr1999,25,2
6,15sep1998,11apr1999,24,2
2,29mar1999,29mar1999,19,2
5,03apr1999,10apr1999,19,2
4,31mar1999,02apr1999,19,2
5,14apr1999,14apr1999,4,2
9,19apr1999,19apr1999,4,2
5,29mar1999,29mar1999,4,2
10,31mar1999,01apr1999,19,2
2,20apr1999,20apr1999,25,2
6,15aug1998,04apr1999,8,2
7,05apr1999,15apr1999,4,2
10,30mar1999,31mar1999,19,2
7,31mar1999,01apr1999,19,2
5,27mar1999,31mar1999,19,2
6,02apr1999,02apr1999,19,2
5,31mar1999,31mar1999,19,2
18,04apr1999,04apr1999,9,2
2,08apr1999,08apr1999,11,2
7,13apr1999,13apr1999,25,2
6,17apr1999,18apr1999,4,2
13,04apr1999,04apr1999,25,2
7,15aug1998,25mar1999,25,2
3,03apr1999,03apr1999,19,2
4,04apr1999,04apr1999,19,2
10,14apr1999,14apr1999,4,2
6,29mar1999,29mar1999,19,2
14,30mar1999,30mar1999,19,2
6,03apr1999,03apr1999,19,2
7,30mar1999,31mar1999,19,2
8,15aug1998,02apr1999,25,2
5,17apr1999,17apr1999,4,2
14,17apr1999,17apr1999,4,2
5,10apr1999,21apr1999,25,2
10,31mar1999,31mar1999,27,2
7,24mar1999,18apr1999,4,2
4,16apr1999,16apr1999,4,2
17,24mar1999,24mar1999,25,2
6,26mar1999,26mar1999,25,2
4,06apr1999,14apr1999,25,2
5,14apr1999,18apr1999,7,2
7,16apr1999,16apr1999,4,2
11,17apr1999,17apr1999,4,2
6,26mar1999,16apr1999,25,2
6,06apr1999,16apr1999,25,2
1,03apr1999,20apr1999,3,2
5,06apr1999,17apr1999,7,2
10,06apr1999,18apr1999,25,2
5,01apr1999,21apr1999,25,2
11,06apr1999,16apr1999,25,2
9,18apr1999,18apr1999,4,2
9,25jan1999,04apr1999,7,2
11,28mar1999,31mar1999,23,2
7,28mar1999,03apr1999,23,2
1,02apr1999,02apr1999,9,2
7,06apr1999,06apr1999,4,2
10,25mar1999,25mar1999,7,2
3,13apr1999,17apr1999,11,2
2,25mar1999,19apr1999,24,2
3,06apr1999,06apr1999,25,2
5,30mar1999,30mar1999,19,2
2,04apr1999,04apr1999,19,2
12,10apr1999,17apr1999,4,2
1,18apr1999,21apr1999,13,2
18,15jun1998,15apr1999,22,2
8,15jun1998,01apr1999,22,2
5,10mar1999,10mar1999,19,2
7,02apr1999,17apr1999,4,2
6,29mar1999,17apr1999,4,2
7,28mar1999,20apr1999,4,2
1,15dec1998,01apr1999,21,2
6,30mar1999,30mar1999,25,2
4,08may1998,01apr1999,3,2
4,28mar1999,20apr1999,4,2
7,15apr1999,15apr1999,,2
7,01jul1998,01apr1999,13,2
5,03apr1999,25apr1999,13,2
10,18jun1998,06apr1999,22,2
6,26apr1999,26apr1999,13,2
2,12mar1999,28mar1999,18,2
6,26mar1999,12apr1999,25,2
1,16apr1999,16apr1999,,2
5,25mar1999,02apr1999,19,2
6,15jun1998,02apr1999,27,2
4,14apr1999,14apr1999,25,2
6,28mar1999,14apr1999,4,2
5,17mar1999,01apr1999,19,2
2,06apr1999,26apr1999,11,2
21,21jan1999,01apr1999,18,2
9,30mar1999,14apr1999,25,2
7,25jul1998,16apr1999,22,2
4,26apr1999,26apr1999,25,2
5,15jul1998,16apr1999,13,2
10,27mar1999,16apr1999,4,2
6,23sep1998,31mar1999,3,2
9,24may1998,06apr1999,1,2
11,22mar1999,22mar1999,19,2
7,15sep1998,04apr1999,23,2
5,20apr1999,23apr1999,4,2
3,14apr1999,18apr1999,,2
6,24mar1999,28apr1999,25,2
9,15mar1998,15apr1999,3,2
4,30mar1999,21apr1999,26,2
10,28mar1999,20apr1999,4,2
6,18jul1998,24apr1999,13,2
9,04apr1999,21apr1999,4,2
9,27apr1999,27apr1999,25,2
6,25mar1999,24apr1999,13,2
5,13apr1999,13apr1999,4,2
4,16apr1999,16apr1999,,2
6,01apr1999,01apr1999,25,2
18,13apr1999,13apr1999,7,2
7,29mar1999,09apr1999,25,2
4,15mar1999,13apr1999,25,2
17,18mar1999,03apr1999,25,2
16,14jun1998,13apr1999,22,2
2,29mar1999,13apr1999,25,2
7,06apr1999,13apr1999,25,2
5,31mar1999,01apr1999,25,2
5,13apr1999,13apr1999,25,2
5,05apr1999,14apr1999,25,2
7,13apr1999,13apr1999,25,2
7,26aug1998,04apr1999,22,2
6,06apr1999,13apr1999,25,2
7,05apr1999,10apr1999,25,2
8,28mar1999,13apr1999,25,2
11,27jun1998,02apr1999,13,2
6,20jun1998,10apr1999,22,2
7,20jul1998,13apr1999,25,2
10,12apr1999,13apr1999,25,2
5,22mar1999,13apr1999,19,2
5,22mar1999,17apr1999,25,2
7,05apr1999,13apr1999,25,2
18,15jun1998,13apr1999,22,2
5,13apr1999,21apr1999,4,2
17,,,,2
33,27mar1999,16apr1999,,2
3,31mar1999,13apr1999,,2
8,24mar1999,02apr1999,19,2
7,06apr1999,06apr1999,4,2
7,13apr1999,14apr1999,25,2
6,03apr1999,06apr1999,11,2
,16apr1999,16apr1999,,2
12,24mar1999,22apr1999,13,2
1,22apr1999,22apr1999,19,2
7,28mar1999,22apr1999,23,2
11,28mar1999,06apr1999,23,2
5,22apr1999,22apr1999,25,2
5,29mar1999,09apr1999,19,2
9,17sep1998,06apr1999,11,2
4,26mar1999,15apr1999,9,2
8,05apr1999,16apr1999,19,2
21,19apr1999,21apr1999,4,2
3,02apr1999,05apr1999,27,2
8,02apr1999,06apr1999,19,2
8,02aug1998,11sep1998,8,2
7,20apr1999,21apr1999,19,2
4,28mar1999,20apr1999,4,2
3,20apr1999,20apr1999,19,2
8,27mar1999,03apr1999,18,2
7,27mar1999,06apr1999,27,2
3,22mar1999,22mar1999,27,2
9,05apr1999,06apr1999,23,2
23,18apr1999,20apr1999,4,2
6,04apr1999,20apr1999,4,2
3,11apr1999,19apr1999,4,2
6,14apr1999,15apr1999,4,2
7,25mar1999,15apr1999,4,2
7,28mar1999,04apr1999,19,2
5,31mar1999,31mar1999,19,2
5,23mar1999,03apr1999,21,2
14,01apr1999,06apr1999,19,2
5,04apr1999,07apr1999,27,2
7,03apr1999,03apr1999,19,2
3,28mar1999,30mar1999,19,2
6,17apr1999,17apr1999,25,2
4,29mar1999,06apr1999,19,2
12,29mar1999,23apr1999,13,2
6,26apr1999,26apr1999,25,2
6,22mar1999,26apr1999,19,2
9,09apr1999,27apr1999,13,2
6,31mar1999,07apr1999,19,2
6,19mar1999,26apr1999,21,2
3,24apr1999,25apr1999,19,2
4,20mar1999,15apr1999,27,2
4,27mar1999,08apr1999,11,2
5,27apr1999,27apr1999,19,2
3,14apr1999,20apr1999,18,2
8,04apr1999,13apr1999,25,2
12,28mar1999,13apr1999,25,2
4,25apr1999,26apr1999,19,2
5,,19apr1999,19,2
4,,16apr1999,11,1
9,04apr1999,06apr1999,25,2
0,05apr1999,05apr1999,19,2
5,04apr1999,11apr1999,25,2
0,02mar1999,01apr1999,18,2
4,01apr1999,06apr1999,18,2
5,31mar1999,08apr1999,25,2
1,31mar1999,10apr1999,9,2
10,01apr1999,08apr1999,19,2
4,,,11,2
5,21mar1999,07apr1999,19,2
8,,,19,2
7,22mar1999,03apr1999,19,2
14,25mar1999,08apr1999,18,2
4,15apr1999,21apr1999,4,2
7,01apr1999,05apr1999,19,2
11,30mar1999,04apr1999,19,2
4,30mar1999,06apr1999,19,2
9,30mar1999,06apr1999,19,2
7,31mar1999,06apr1999,19,2
5,02apr1999,06apr1999,9,2
6,,,19,2
8,02apr1999,06apr1999,9,2
5,08mar1999,06apr1999,19,2
8,31mar1999,01apr1999,19,2
4,31mar1999,06apr1999,19,2
7,06apr1999,06apr1999,25,2
2,14jun1998,14apr1999,22,2
6,05apr1999,13apr1999,25,2
7,30mar1999,16apr1999,25,2
4,04apr1999,06apr1999,19,2
5,01apr1999,08apr1999,19,2
6,04apr1999,06apr1999,9,2
3,02apr1999,03apr1999,25,2
4,28mar1999,29mar1999,19,2
6,27mar1999,29mar1999,19,2
13,24mar1999,20apr1999,4,2
2,31mar1999,05apr1999,19,2
5,09apr1999,17apr1999,25,2
3,27mar1999,01apr1999,19,2
6,03apr1999,07apr1999,25,2
7,18apr1999,20apr1999,4,2
8,20mar1999,21apr1999,4,2
5,20mar1999,04apr1999,4,2
5,01apr1999,01apr1999,19,2
3,31mar1999,07apr1999,27,2
5,25may1998,30jun1998,22,2
6,29mar1999,15apr1999,25,2
7,27mar1999,01apr1999,25,2
13,04apr1999,05apr1999,4,2
9,14apr1999,15apr1999,19,2
5,10apr1999,11apr1999,25,2
4,04apr1999,07apr1999,19,2
8,28mar1999,02apr1999,25,2
4,14apr1999,14apr1999,25,2
13,26jul1998,02apr1999,22,2
16,10jun1998,14apr1999,22,2
11,05apr1999,15apr1999,25,2
4,28mar1999,08apr1999,13,2
4,31mar1999,14apr1999,25,2
2,19apr1999,19apr1999,4,2
2,20mar1999,01apr1999,19,2
3,23mar1999,01apr1999,19,2
4,26mar1999,28mar1999,19,2
4,06apr1999,16apr1999,4,2
7,05mar1999,16apr1999,7,2
5,30mar1999,01apr1999,19,2
5,06apr1999,14apr1999,25,2
6,28mar1999,20apr1999,4,2
10,24mar1999,04apr1999,4,2
5,23mar1999,06apr1999,9,2
5,22sep1998,03mar1999,27,2
7,01apr1999,05apr1999,19,2
13,02apr1999,17apr1999,4,2
1,01apr1999,06apr1999,19,2
15,04apr1999,25apr1999,13,2
9,06apr1999,25apr1999,25,2
5,20mar1999,07apr1999,19,2
8,24mar1999,12apr1999,25,2
1,31mar1999,27apr1999,19,2
1,04apr1999,06apr1999,2,2
20,25mar1999,25apr1999,25,2
6,25mar1999,26apr1999,13,2
5,28mar1999,06apr1999,19,2
2,15jun1998,05apr1999,15,2
4,14apr1999,16apr1999,4,2
5,01apr1999,02apr1999,19,2
14,06may1998,30jul1998,17,2
21,18apr1999,22apr1999,26,2
9,25apr1999,28apr1999,25,2
4,24mar1999,28apr1999,25,2
4,03apr1999,28apr1999,25,2
7,22apr1999,28apr1999,25,2
13,26apr1999,28apr1999,25,2
6,27apr1999,28apr1999,25,2
10,26apr1999,28apr1999,25,2
5,11apr1999,11apr1999,22,2
6,23mar1999,28apr1999,26,2
6,01mar1998,07apr1999,8,2
11,28mar1999,14apr1999,7,2
7,24mar1999,20apr1999,4,2
8,01apr1999,09apr1999,19,2
8,01apr1999,09apr1999,19,2
6,05mar1998,22sep1998,3,2
2,31mar1999,06apr1999,19,2
4,26mar1999,06apr1999,19,2
1,31mar1999,31mar1999,25,2
15,15mar1999,04apr1999,9,2
15,01apr1999,05apr1999,19,2
2,01apr1999,07apr1999,19,2
19,29mar1999,31mar1999,19,2
5,01apr1999,04apr1999,19,2
4,01apr1999,01apr1999,19,2
5,27mar1999,20apr1999,7,2
8,15mar1998,01apr1999,13,2
7,08apr1999,08apr1999,,2
6,18apr1999,21apr1999,4,2
10,22mar1999,16apr1999,26,2
4,22mar1999,03apr1999,,2
12,02apr1999,13apr1999,25,2
4,06mar1999,22mar1999,18,2
6,30mar1999,01apr1999,,2
4,22mar1999,12apr1999,26,2
6,02apr1999,04apr1999,,2
8,03apr1999,06apr1999,19,2
7,30mar1999,01apr1999,19,2
6,01apr1999,14apr1999,25,2
6,22sep1998,04apr1999,25,2
1,28mar1999,02apr1999,19,2
8,30mar1999,03apr1999,19,2
,31mar1999,31mar1999,19,2
6,15jun1998,26mar1999,16,2
7,29jun1998,31mar1999,15,2
12,06apr1999,15apr1999,4,2
5,29jun1998,30mar1999,15,2
6,03apr1999,06apr1999,27,2
5,08apr1999,14apr1999,25,2
4,01apr1999,01apr1999,19,2
7,05apr1999,15apr1999,4,2
6,02apr1999,02apr1999,20,2
5,27mar1999,12apr1999,4,2
7,23feb1999,01apr1999,27,2
9,24mar1999,11apr1999,25,2
4,02apr1999,05apr1999,25,2
8,02apr1999,06apr1999,,2
5,22mar1999,02apr1999,19,2
9,24mar1999,06apr1999,25,2
7,14apr1999,15apr1999,4,2
8,01apr1999,01apr1999,4,2
9,08jun1998,28mar1999,21,2
1,26mar1999,15apr1999,4,2
6,08apr1999,15apr1999,25,2
5,01apr1999,07apr1999,19,2
9,25mar1999,05apr1999,19,2
3,23mar1999,29mar1999,11,2
14,11apr1999,11apr1999,,2
5,01apr1999,05apr1999,19,2
1,06apr1999,14apr1999,25,2
6,02apr1999,04apr1999,19,2
11,27mar1999,07apr1999,19,2
10,04apr1999,05apr1999,25,2
12,15apr1999,16apr1999,7,2
6,22sep1998,15mar1999,27,2
7,29mar1999,02apr1999,25,2
10,14jun1998,01apr1999,22,2
9,28feb1999,05apr1999,4,2
5,03apr1999,06apr1999,19,2
3,15aug1998,24apr1999,22,2
4,03apr1999,05apr1999,19,2
3,28feb1999,13mar1999,18,2
3,30mar1999,25apr1999,25,2
2,15mar1998,15mar1998,22,2
4,15mar1999,15apr1999,25,2
3,29mar1999,08apr1999,19,2
14,28mar1999,04apr1999,19,2
7,27mar1999,02apr1999,19,2
5,29mar1999,05apr1999,25,2
4,30mar1999,31mar1999,,2
6,24mar1999,04apr1999,,2
4,24mar1999,16apr1999,4,2
3,24mar1999,18apr1999,,2
9,01apr1999,07apr1999,,2
5,23mar1999,16apr1999,25,2
3,04apr1999,07apr1999,25,2
2,03apr1999,14apr1999,,2
5,03apr1999,05apr1999,19,2
6,03apr1999,17apr1999,4,2
6,24mar1999,08apr1999,,2
5,31mar1999,16apr1999,25,2
5,10jan1999,13apr1999,25,2
5,03apr1999,06apr1999,27,2
5,26mar1999,16apr1999,25,2
4,03apr1999,15apr1999,19,2
4,17apr1999,17apr1999,25,2
6,16apr1999,16apr1999,25,2
7,13apr1999,15apr1999,4,2
8,03apr1999,04apr1999,19,2
5,14apr1999,14apr1999,25,2
5,02apr1999,05apr1999,25,2
4,03apr1999,07apr1999,19,2
2,14apr1999,14apr1999,25,2
5,15apr1999,16apr1999,4,2
5,07mar1999,03apr1999,7,2
10,11jun1998,28aug1998,22,2
8,28mar1999,12apr1999,,2
3,02feb1999,18apr1999,,2
3,17mar1999,30mar1999,19,2
6,01apr1999,08apr1999,,2
6,25mar1999,06apr1999,,2
5,01apr1999,22apr1999,7,2
1,26apr1999,26apr1999,,2
6,25apr1999,26apr1999,13,2
7,15apr1999,15apr1999,25,2
6,15sep1998,26mar1999,11,2
5,27mar1999,06apr1999,,2
5,,,27,2
10,14apr1999,16apr1999,4,2
2,05apr1999,15apr1999,4,2
4,01apr1999,01apr1999,25,2
7,06apr1999,06apr1999,11,2
5,30mar1999,30mar1999,19,2
13,07apr1999,07apr1999,4,2
1,03jan1999,03jan1999,24,2
13,06apr1999,07apr1999,25,2
4,04apr1999,15apr1999,4,2
4,16apr1999,16apr1999,4,1
1,03apr1999,03apr1999,11,2
5,28feb1998,20mar1998,21,2
9,06apr1999,10apr1999,25,2
3,06apr1999,06apr1999,19,2
17,03apr1999,03apr1999,19,2
9,01apr1999,03apr1999,,2
2,03apr1999,03apr1999,19,2
5,29mar1999,06apr1999,19,2
4,24mar1999,20apr1999,4,2
5,30mar1999,02apr1999,,2
7,28mar1999,06apr1999,,2
6,31mar1999,04apr1999,18,2
7,01apr1999,11apr1999,19,2
4,02apr1999,02apr1999,19,2
26,15apr1999,16apr1999,4,2
5,16apr1999,16apr1999,,2
8,01apr1999,04apr1999,19,2
7,02apr1999,06apr1999,,2
3,01apr1999,17apr1999,19,2
4,31mar1999,03apr1999,19,2
4,30mar1999,06apr1999,19,2
4,30mar1999,06apr1999,19,2
10,02apr1999,05apr1999,,2
4,31mar1999,07apr1999,19,2
18,05apr1999,11apr1999,25,2
1,25mar1999,04apr1999,25,2
5,03apr1999,06apr1999,,2
3,02apr1999,03apr1999,7,2
3,28mar1999,05apr1999,,2
6,12sep1998,25apr1999,18,2
21,05apr1999,05apr1999,,2
9,15apr1999,15apr1999,,2
6,24mar1999,06apr1999,9,2
1,04apr1999,06apr1999,,2
8,01apr1999,06apr1999,,2
8,30mar1999,01apr1999,,2
9,04apr1999,05apr1999,19,2
5,04apr1999,06apr1999,19,2
5,26apr1999,26apr1999,13,2
9,28mar1999,05apr1999,,2
9,20mar1999,06apr1999,3,2
4,27mar1999,06apr1999,25,2
5,03apr1999,03apr1999,13,2
5,14apr1999,14apr1999,25,2
5,14apr1999,14apr1999,25,2
7,26mar1999,29mar1999,25,2
17,14apr1999,17apr1999,4,2
5,27mar1999,14apr1999,25,2
10,13apr1999,16apr1999,4,2
8,22jul1998,31mar1999,8,2
4,21apr1999,26apr1999,7,2
5,26mar1999,05apr1999,25,2
7,06apr1999,07apr1999,19,2
2,31mar1999,04apr1999,,2
2,29mar1999,06apr1999,19,2
14,25mar1999,03apr1999,25,2
3,31mar1999,03apr1999,19,2
5,24dec1998,06apr1999,18,2
5,24mar1999,22apr1999,4,2
11,18apr1999,25apr1999,19,2
7,06apr1999,08apr1999,,2
8,01apr1999,04apr1999,9,2
13,27jul1998,01apr1999,,2
6,31mar1999,06apr1999,19,2
3,17may1998,01jul1998,8,2
1,01feb1999,06apr1999,24,2
9,31mar1999,05apr1999,19,2
8,04apr1999,04apr1999,9,2
5,26apr1999,26apr1999,25,2
4,22apr1999,22apr1999,22,2
6,06apr1999,15apr1999,25,2
13,14apr1999,16apr1999,4,2
5,01apr1999,05apr1999,15,2
4,30mar1999,06apr1999,,2
4,13apr1999,14apr1999,23,2
9,15jul1998,15jul1998,13,2
10,25mar1999,16apr1999,25,2
9,28mar1999,28mar1999,24,1
7,,26mar1999,20,1
8,07apr1999,07apr1999,20,1
8,25aug1998,26mar1999,3,1
4,28mar1999,28mar1999,17,1
32,28mar1999,28mar1999,20,1
18,01apr1999,01apr1999,7,1
5,26mar1999,30mar1999,,1
9,,,8,1
11,25mar1999,06apr1999,20,1
17,01apr1999,01apr1999,2,1
15,05apr1999,06apr1999,19,1
7,10apr1999,10apr1999,9,1
6,02apr1999,02apr1999,2,1
6,,,,1
4,,,,1
6,28apr1998,28mar1999,,1
9,03apr1999,03apr1999,1,1
10,15jun1998,16apr1999,19,1
8,16apr1999,16apr1999,19,1
16,02apr1999,02apr1999,,1
8,28sep1998,03apr1999,,1
5,15mar1998,02apr1999,,1
8,03apr1999,03apr1999,2,1
7,11apr1999,11apr1999,9,1
4,11apr1999,11apr1999,9,1
6,10apr1999,10apr1999,9,1
0,03apr1999,03apr1999,2,1
15,02apr1999,07apr1999,1,1
4,02apr1999,04apr1999,2,1
5,13apr1999,15apr1999,1,1
11,23mar1999,23mar1999,20,1
12,21apr1998,26mar1999,1,1
88,13apr1999,13apr1999,11,1
9,01apr1999,19apr1999,2,1
6,15mar1999,16mar1999,6,1
29,16apr1999,16apr1999,9,1
7,28aug1998,16apr1999,21,1
10,16apr1999,16apr1999,9,1
8,16apr1999,18apr1999,9,1
14,01apr1999,01apr1999,19,1
7,24mar1999,12apr1999,9,1
5,15jul1998,04apr1999,1,1
13,17mar1999,01apr1999,18,1
6,02apr1999,05apr1999,1,1
6,09jun1998,03apr1999,24,1
2,03apr1999,03apr1999,17,1
4,16apr1999,18apr1999,9,1
6,01apr1999,03apr1999,,1
8,26jul1998,10apr1999,3,1
12,16apr1999,19apr1999,11,1
12,30mar1999,30mar1999,4,1
10,15apr1999,15apr1999,20,1
11,22mar1999,25mar1999,24,1
8,15jul1998,25mar1999,24,1
23,31mar1999,31mar1999,20,1
12,31mar1999,31mar1999,20,1
6,29mar1999,01apr1999,24,1
23,24mar1999,30mar1999,20,1
6,01apr1999,01apr1999,24,1
9,29mar1999,01apr1999,20,1
15,28mar1999,05apr1999,1,1
11,13mar1999,13mar1999,9,1
16,28mar1999,29mar1999,24,1
8,25mar1999,06apr1999,20,1
5,05apr1999,05apr1999,7,1
7,25mar1999,30mar1999,20,1
12,13apr1999,13apr1999,9,1
10,31mar1999,31mar1999,20,1
8,31mar1999,31mar1999,20,1
6,18sep1998,25jan1999,16,1
2,28mar1999,28mar1999,19,1
6,28mar1999,28mar1999,11,1
19,14apr1999,15apr1999,9,1
9,28mar1999,28mar1999,5,1
10,18sep1998,11apr1999,16,1
5,28mar1999,16apr1999,20,1
21,12mar1999,30mar1999,8,1
15,25mar1999,29mar1999,20,1
9,25mar1999,25mar1999,19,1
5,03apr1999,05apr1999,7,1
9,19mar1999,06apr1999,15,1
6,25mar1999,25mar1999,20,1
1,25jan1999,04apr1999,4,1
4,14apr1999,16apr1999,11,1
3,28mar1999,20apr1999,6,1
6,10apr1999,10apr1999,9,1
10,10apr1999,14apr1999,9,1
8,10apr1999,10apr1999,9,1
5,28mar1999,16apr1999,6,1
4,08apr1999,12apr1999,19,1
9,10apr1999,10apr1999,9,1
5,04apr1999,16apr1999,11,1
7,08apr1999,08apr1999,9,1
5,02apr1999,05apr1999,2,1
9,26mar1999,09apr1999,9,1
3,20mar1999,09apr1999,9,1
10,10apr1999,12apr1999,9,1
6,28mar1999,15apr1999,6,1
6,26mar1999,27mar1999,4,1
6,12apr1999,16apr1999,6,1
7,05apr1999,05apr1999,6,1
10,12apr1999,12apr1999,9,1
2,16apr1999,16apr1999,11,1
10,15mar1999,20mar1999,21,1
6,02apr1999,09apr1999,4,1
15,19apr1999,19apr1999,11,1
21,24mar1999,24mar1999,20,1
21,01apr1999,01apr1999,20,1
22,27mar1999,27mar1999,24,1
8,20mar1999,27mar1999,20,1
20,27mar1999,27mar1999,20,1
10,27mar1999,27mar1999,20,1
9,28mar1999,28mar1999,17,1
6,17apr1999,17apr1999,9,1
10,05apr1999,05apr1999,24,1
15,28mar1999,28mar1999,20,1
10,25mar1999,28mar1999,16,1
10,26feb1999,26mar1999,20,1
7,27mar1999,27mar1999,8,1
22,24mar1999,26mar1999,16,1
10,02apr1999,02apr1999,,1
14,26mar1999,26mar1999,16,1
19,25mar1999,28mar1999,16,1
7,29mar1999,29mar1999,19,1
8,28mar1999,01apr1999,5,1
10,06apr1999,20apr1999,27,1
10,02apr1999,02apr1999,9,1
24,28mar1999,28mar1999,20,1
5,26mar1999,27mar1999,20,1
7,28mar1999,28mar1999,20,1
10,28mar1999,29mar1999,20,1
10,28mar1999,29mar1999,8,1
6,24jun1998,14apr1999,27,1
18,31mar1999,02apr1999,20,1
7,15feb1998,15feb1999,24,1
5,02apr1999,02apr1999,20,1
4,28mar1999,29mar1999,20,1
10,10aug1998,29mar1999,16,1
10,28mar1999,28mar1999,20,1
6,15aug1998,15mar1999,16,1
7,28mar1999,28mar1999,20,1
4,28mar1999,28mar1999,17,1
8,14may1998,24mar1999,16,1
5,25mar1999,25mar1999,20,1
7,28mar1999,28mar1999,20,1
7,28mar1999,28mar1999,16,1
22,24mar1999,05apr1999,20,1
5,16apr1999,16apr1999,11,1
9,18mar1999,18mar1999,20,1
22,24mar1999,26mar1999,16,1
25,27mar1999,27mar1999,20,1
5,02apr1999,02apr1999,2,1
12,02apr1999,06apr1999,24,1
13,15apr1998,15may1998,8,1
5,28mar1999,02apr1999,16,1
9,02apr1999,04apr1999,16,1
8,01apr1999,01apr1999,20,1
5,03apr1999,03apr1999,8,1
7,24mar1999,08apr1999,25,1
18,05apr1999,05apr1999,9,1
1,15jul1998,10apr1999,21,1
6,28mar1999,28mar1999,24,1
8,29mar1999,19apr1999,25,1
4,15aug1998,28aug1998,15,1
12,11mar1999,11mar1999,9,1
7,02apr1999,16apr1999,6,1
9,10apr1999,10apr1999,9,1
5,10apr1999,10apr1999,9,1
7,26feb1998,27mar1999,24,1
7,21mar1999,27mar1999,24,1
1,15mar1999,15mar1999,8,1
6,28mar1999,28mar1999,20,1
3,27mar1999,28mar1999,24,1
7,27mar1999,27mar1999,16,1
4,28mar1999,28mar1999,20,1
16,21feb1999,15mar1999,20,1
11,26mar1999,26mar1999,2,1
11,28mar1999,28mar1999,20,1
8,26mar1999,30mar1999,20,1
15,28mar1999,28mar1999,17,1
5,26mar1999,26mar1999,21,1
3,15apr1999,17apr1999,21,1
6,28mar1999,03apr1999,8,1
5,18may1998,15apr1999,8,1
6,19jul1998,11apr1999,16,1
5,28may1998,20apr1999,1,1
4,28mar1999,02apr1999,20,1
11,15feb1999,22apr1999,3,1
20,17apr1999,17apr1999,13,1
15,28mar1999,21apr1999,2,1
7,28mar1999,03apr1999,20,1
7,28mar1999,28mar1999,20,1
6,06jun1998,16apr1999,21,1
8,17apr1999,23apr1999,20,1
7,19apr1999,23apr1999,21,1
22,01may1998,22apr1999,8,1
3,26mar1999,15apr1999,20,1
12,15jun1998,26apr1999,8,1
4,24mar1999,29mar1999,21,1
4,27mar1999,20apr1999,8,1
3,15apr1999,15apr1999,20,1
12,10apr1999,11apr1999,9,1
6,04apr1999,20apr1999,17,1
8,09apr1999,10apr1999,9,1
6,10apr1999,10apr1999,9,1
24,28mar1999,18apr1999,6,1
5,28mar1999,18apr1999,6,1
9,28mar1999,11apr1999,6,1
8,18apr1999,18apr1999,27,1
12,01apr1999,01apr1999,6,1
4,28mar1999,30mar1999,11,1
3,28mar1999,28mar1999,11,1
4,28mar1999,30mar1999,20,1
11,16apr1999,18apr1999,11,1
5,28mar1999,21apr1999,6,1
6,28mar1998,15mar1999,1,1
1,25apr1999,25apr1999,2,1
15,24mar1999,24apr1999,6,1
13,24mar1999,24mar1999,21,1
12,09apr1999,09apr1999,6,1
3,15mar1999,15mar1999,6,1
10,24mar1999,24mar1999,6,1
5,16apr1999,16apr1999,27,1
4,10jan1999,25apr1999,27,1
3,02jan1999,16apr1999,27,1
5,30mar1999,30mar1999,17,1
6,26apr1999,26apr1999,2,1
6,14apr1999,22apr1999,6,1
7,10apr1999,18apr1999,6,1
10,28mar1999,06apr1999,21,1
7,25mar1999,04apr1999,8,1
5,27mar1999,16apr1999,11,1
1,01sep1998,29apr1999,1,1
4,,27apr1999,6,1
14,20jun1998,02aug1998,11,1
4,28mar1999,31mar1999,8,1
6,11apr1999,21apr1999,6,1
2,07apr1999,15apr1999,27,1
1,07apr1999,15apr1999,27,1
2,28mar1999,18apr1999,6,1
7,28apr1999,28apr1999,2,1
9,28apr1999,28apr1999,2,1
8,28mar1999,26apr1999,6,1
5,10mar1999,28mar1999,6,1
14,28mar1999,16apr1999,6,1
11,24mar1999,16apr1999,6,1
12,28mar1999,13apr1999,6,1
14,28apr1999,28apr1999,2,1
7,28mar1999,21apr1999,6,1
8,12apr1999,18apr1999,6,1
11,27apr1999,27apr1999,2,1
8,27mar1999,16apr1999,6,1
13,16apr1999,18apr1999,27,1
11,25mar1999,27mar1999,24,1
18,26mar1999,28mar1999,24,1
17,25mar1999,27mar1999,24,1
1,28mar1999,28mar1999,17,1
10,28mar1999,28mar1999,17,1
5,28jul1998,15mar1999,16,1
6,19mar1999,22mar1999,24,1
7,24mar1999,24mar1999,24,1
7,28mar1999,28mar1999,17,1
4,04apr1999,04apr1999,11,1
23,05apr1999,05apr1999,2,1
7,15jul1998,15jul1998,16,1
7,17apr1999,17apr1999,9,1
25,28mar1999,28mar1999,6,1
17,27apr1999,27apr1999,2,1
10,20jul1998,25mar1999,16,1
24,25mar1999,12apr1999,,1
9,25mar1999,27mar1999,24,1
6,13jul1998,28mar1999,16,1
3,28mar1999,28mar1999,20,1
19,15aug1998,28mar1999,16,1
17,15jun1998,15mar1999,17,1
8,,24apr1999,2,1
12,02jul1998,15apr1999,,1
4,26mar1999,24apr1999,16,1
18,29jun1998,24apr1999,9,1
10,31mar1999,09apr1999,19,1
8,05apr1999,05apr1999,19,1
15,15jan1999,24apr1999,18,1
4,15mar1999,15apr1999,19,1
7,15mar1999,24apr1999,16,1
9,27jan1999,21apr1999,18,1
4,15mar1999,18apr1999,19,1
1,15sep1998,19apr1999,27,1
8,26mar1999,04apr1999,18,1
6,15may1998,24apr1999,21,1
5,,24apr1999,3,1
4,15mar1999,15apr1999,19,1
6,31mar1999,24apr1999,19,1
11,01apr1999,24apr1999,19,1
3,23mar1999,20apr1999,19,1
18,24mar1999,24apr1999,19,1
7,31mar1999,03apr1999,16,1
9,31mar1999,04apr1999,4,1
6,24mar1999,25apr1999,19,1
20,01apr1999,26apr1999,25,1
4,15mar1999,26apr1999,19,1
5,17mar1999,18apr1999,11,1
3,16apr1999,26apr1999,27,1
5,07apr1999,26apr1999,11,1
6,02apr1999,02apr1999,2,1
7,28mar1999,30mar1999,2,1
7,14apr1999,26apr1999,11,1
8,27mar1999,28mar1999,16,1
12,15may1998,15feb1999,3,1
18,29aug1998,24apr1999,9,1
7,20mar1999,23apr1999,19,1
3,15mar1999,20apr1999,19,1
7,06mar1999,24apr1999,27,1
15,27dec1998,24apr1999,18,1
9,03apr1999,24apr1999,15,1
10,27mar1999,24apr1999,16,1
1,28mar1999,30mar1999,19,1
7,20aug1998,04apr1999,22,1
4,28mar1999,07apr1999,19,1
10,15apr1998,01apr1999,18,1
8,28mar1999,08apr1999,19,1
6,03apr1999,07apr1999,25,1
5,28mar1999,07apr1999,19,1
10,15mar1999,28mar1999,19,1
10,30mar1999,07apr1999,15,1
5,28mar1999,07apr1999,27,1
1,05apr1999,23apr1999,,1
99,30mar1999,08apr1999,,1
2,30mar1999,08apr1999,,1
9,21mar1999,07apr1999,15,1
5,28mar1999,08apr1999,,1
5,01apr1999,08apr1999,,1
5,10mar1999,10mar1999,,1
7,23feb1999,01apr1999,,1
6,05apr1999,06apr1999,,1
10,01apr1999,09apr1999,,1
5,02apr1999,07apr1999,,1
4,30mar1999,07apr1999,,1
4,30mar1999,07apr1999,,1
11,29jun1998,07apr1999,9,1
5,01apr1999,11apr1999,,1
3,27may1998,05apr1999,21,1
7,25feb1999,06apr1999,27,1
6,06jan1999,03apr1999,18,1
2,04apr1999,06apr1999,,1
4,01apr1999,07apr1999,19,1
6,10sep1998,07apr1999,27,1
8,01apr1999,07apr1999,,1
9,20jan1998,08apr1999,21,1
7,30mar1999,07apr1999,,1
3,06apr1999,08apr1999,,1
4,01apr1999,06apr1999,,1
6,21mar1999,07apr1999,15,1
8,05apr1999,06apr1999,,1
5,01apr1999,07apr1999,,1
1,01apr1999,06apr1999,,1
11,03apr1999,07apr1999,,1
6,31mar1999,07apr1999,,1
5,29mar1999,07apr1999,,1
4,27mar1999,06apr1999,,1
7,01apr1999,22apr1999,,1
4,31mar1999,08apr1999,,1
11,01apr1999,04apr1999,9,1
10,30mar1999,07apr1999,,1
5,29mar1999,03apr1999,19,1
7,08jan1999,16apr1999,19,1
15,01apr1999,08apr1999,,1
4,30mar1999,02apr1999,,1
6,31mar1999,07apr1999,19,1
6,04apr1999,07apr1999,,1
8,20jan1999,07apr1999,18,1
6,31mar1999,07apr1999,,1
8,28mar1999,07apr1999,,1
10,03apr1999,07apr1999,15,1
5,30mar1999,07apr1999,,1
7,03apr1999,06apr1999,15,1
10,28mar1999,07apr1999,9,1
7,17apr1999,19apr1999,11,1
12,25mar1999,25mar1999,5,1
8,01apr1999,01apr1999,1,1
7,13apr1999,13apr1999,11,1
7,10mar1999,24mar1999,20,1
17,02apr1999,02apr1999,24,1
11,03apr1999,03apr1999,24,1
7,04apr1999,04apr1999,24,1
7,26feb1999,26feb1999,20,1
8,26mar1999,26mar1999,24,1
11,04apr1999,04apr1999,24,1
5,26jul1998,05apr1999,24,1
7,26jul1998,05apr1999,24,1
9,28mar1999,30mar1999,4,1
13,05apr1999,05apr1999,5,1
4,05apr1999,05apr1999,20,1
6,26mar1999,26mar1999,24,1
26,15mar1999,15mar1999,24,1
5,26mar1999,26mar1999,16,1
2,26mar1999,03apr1999,24,1
7,01apr1999,01apr1999,4,1
11,03apr1999,05apr1999,16,1
21,12apr1999,12apr1999,9,1
5,05apr1999,05apr1999,17,1
6,26mar1999,26mar1999,,1
10,05apr1999,05apr1999,24,1
7,26mar1999,26mar1999,24,1
20,26mar1999,26mar1999,4,1
4,26mar1999,10apr1999,9,1
4,05apr1999,05apr1999,24,1
8,03apr1999,03apr1999,24,1
5,27mar1999,31mar1999,24,1
9,12jun1998,15mar1999,16,1
6,17apr1999,17apr1999,11,1
10,01apr1999,01apr1999,16,1
3,28apr1998,01jan1999,24,1
4,01apr1999,01apr1999,,1
10,03apr1999,03apr1999,24,1
14,27mar1999,27mar1999,5,1
5,06apr1999,06apr1999,24,1
8,15mar1999,23mar1999,24,1
7,27mar1999,07apr1999,16,1
7,25mar1999,03apr1999,24,1
20,11apr1999,11apr1999,9,1
8,11apr1999,11apr1999,9,1
7,24mar1999,24mar1999,24,1
8,02apr1999,02apr1999,24,1
7,25mar1999,25mar1999,24,1
27,02apr1999,02apr1999,24,1
9,27mar1999,27mar1999,24,1
6,15apr1999,15apr1999,11,1
6,15apr1999,15apr1999,13,1
11,12apr1999,12apr1999,13,1
6,27mar1999,27mar1999,20,1
14,16apr1999,16apr1999,11,1
7,25mar1999,25mar1999,20,1
6,17apr1999,17apr1999,11,1
6,19apr1999,19apr1999,13,1
12,15apr1999,15apr1999,11,1
4,28mar1999,28mar1999,11,1
9,28mar1999,12apr1999,4,1
5,14apr1999,14apr1999,11,1
6,15may1998,12apr1999,21,1
14,01apr1999,01apr1999,16,1
15,08apr1999,08apr1999,9,1
22,20mar1999,21mar1999,20,1
23,13apr1999,13apr1999,11,1
8,15apr1999,15apr1999,11,1
4,16apr1999,16apr1999,11,1
11,05jun1998,15apr1999,21,1
10,11apr1999,11apr1999,21,1
2,14apr1999,14apr1999,11,1
9,08apr1998,07apr1999,21,1
15,16apr1999,16apr1999,13,1
2,11apr1999,11apr1999,21,1
5,11apr1999,11apr1999,21,1
5,11apr1999,11apr1999,21,1
5,16apr1999,16apr1999,11,1
8,11apr1999,11apr1999,21,1
13,23mar1999,02apr1999,24,1
4,15mar1999,15mar1999,21,1
10,15apr1999,15apr1999,11,1
5,17apr1999,17apr1999,11,1
10,16apr1999,16apr1999,27,1
3,15apr1999,15apr1999,11,1
10,,,,1
7,15apr1999,15apr1999,11,1
12,14apr1999,14apr1999,13,1
7,15sep1998,15apr1999,27,1
4,15apr1999,15apr1999,11,1
9,22mar1999,15apr1999,25,1
7,16apr1999,16apr1999,13,1
12,19apr1999,19apr1999,21,1
3,14apr1999,14apr1999,11,1
4,08apr1999,14apr1999,6,1
5,24mar1999,16apr1999,11,1
6,10apr1999,10apr1999,9,1
2,15apr1999,17apr1999,21,1
3,15apr1999,15apr1999,16,1
12,14apr1999,14apr1999,11,1
7,26mar1999,26mar1999,24,1
10,15mar1999,15mar1999,6,1
7,15apr1999,15apr1999,11,1
11,17apr1999,17apr1999,11,1
7,15apr1999,15apr1999,21,1
10,15apr1998,01apr1999,21,1
8,08apr1999,08apr1999,21,1
2,10sep1998,16apr1999,11,1
8,15apr1999,15apr1999,11,1
8,07apr1999,07apr1999,20,1
7,,,20,1
5,26mar1999,03apr1999,11,1
5,11apr1999,11apr1999,9,1
11,03apr1999,03apr1999,24,1
6,02apr1999,02apr1999,24,1
6,02apr1999,02apr1999,24,1
11,28mar1999,07apr1999,19,1
9,03apr1999,03apr1999,24,1
6,05apr1999,05apr1999,17,1
4,04apr1999,04apr1999,5,1
7,17apr1999,17apr1999,13,1
8,27mar1999,27mar1999,6,1
9,28mar1999,28mar1999,16,1
5,04mar1999,15apr1999,21,1
8,16apr1999,16apr1999,11,1
4,16apr1999,16apr1999,11,1
6,30mar1999,01apr1999,16,1
3,16apr1999,16apr1999,11,1
14,17apr1999,17apr1999,11,1
13,15apr1999,15apr1999,11,1
8,16apr1999,16apr1999,13,1
6,16apr1999,16apr1999,13,1
7,14apr1999,14apr1999,13,1
6,15apr1999,15apr1999,13,1
7,26mar1999,07apr1999,13,1
6,14apr1999,14apr1999,11,1
9,16apr1999,16apr1999,13,1
9,06may1998,15apr1999,21,1
1,,12apr1999,21,1
7,,,21,1
8,,,21,1
5,12apr1999,12apr1999,21,1
3,14apr1999,14apr1999,11,1
5,02apr1999,02apr1999,24,1
5,03apr1999,16apr1999,11,1
6,03apr1999,03apr1999,24,1
12,03apr1999,03apr1999,16,1
6,02apr1999,02apr1999,20,1
5,13apr1999,13apr1999,11,1
4,26mar1999,26mar1999,21,1
7,15apr1999,15apr1999,11,1
23,15apr1999,15apr1999,11,1
25,29mar1999,29mar1999,16,1
8,27mar1999,07apr1999,21,1
8,16apr1999,16apr1999,27,1
12,16apr1999,16apr1999,13,1
7,17apr1999,17apr1999,11,1
8,15apr1999,15apr1999,11,1
11,04apr1999,04apr1999,8,1
10,13apr1999,13apr1999,21,1
5,26mar1999,10apr1999,21,1
7,15mar1999,24mar1999,20,1
5,26mar1999,16apr1999,11,1
3,17sep1998,17apr1999,11,1
10,16apr1999,16apr1999,27,1
14,15apr1999,15apr1999,27,1
12,03apr1999,03apr1999,24,1
10,15apr1999,15apr1999,11,1
11,24mar1999,24mar1999,24,1
6,15apr1999,15apr1999,11,1
17,15jun1998,15apr1999,15,1
5,28apr1999,28apr1999,20,1
5,29jun1998,30mar1999,15,1
6,24mar1999,24apr1999,2,1
3,29apr1999,29apr1999,20,1
4,29apr1999,29apr1999,20,1
12,30mar1999,02apr1999,20,1
8,30mar1999,30mar1999,5,1
7,01apr1999,01apr1999,5,1
19,01apr1999,01apr1999,5,1
5,03apr1999,03apr1999,5,1
9,01apr1999,01apr1999,5,1
12,01apr1999,01apr1999,5,1
18,26mar1999,26mar1999,5,1
11,31mar1999,31mar1999,,1
8,01apr1999,01apr1999,5,1
6,01apr1999,01apr1999,5,1
8,03apr1999,03apr1999,5,1
6,20apr1999,24apr1999,20,1
6,15mar1999,30apr1999,20,1
6,15mar1999,13apr1999,20,1
8,29apr1999,29apr1999,20,1
4,11mar1999,11mar1999,24,1
18,10apr1999,17apr1999,20,1
3,28apr1999,28apr1999,4,1
2,03apr1999,03apr1999,5,1
6,03apr1999,03apr1999,5,1
8,30apr1999,30apr1999,20,1
3,15apr1999,15apr1999,11,1
23,16apr1999,16apr1999,11,1
6,02apr1999,02apr1999,24,1
7,15mar1999,15mar1999,20,1
4,26apr1999,26apr1999,24,1
16,15mar1999,01apr1999,2,1
21,25mar1999,26apr1999,20,1
11,15apr1999,15apr1999,24,1
8,26apr1999,26apr1999,5,1
6,20apr1999,23apr1999,24,1
9,01may1998,01apr1999,27,1
7,20apr1999,22apr1999,24,1
5,24apr1999,24apr1999,20,1
5,30apr1999,30apr1999,20,1
5,30apr1999,30apr1999,20,1
8,01mar1999,12mar1999,24,1
5,30apr1999,30apr1999,20,1
7,01apr1999,01apr1999,20,1
5,20apr1999,20apr1999,15,1
14,22mar1999,15apr1999,25,1
3,15apr1999,15apr1999,11,1
6,16apr1999,16apr1999,11,1
11,15apr1999,15apr1999,11,1
6,15jun1998,25mar1999,21,1
9,14apr1999,14apr1999,13,1
7,25jul1998,16apr1999,21,1
8,15apr1999,15apr1999,11,1
11,01mar1999,15apr1999,11,1
9,15apr1999,15apr1999,11,1
8,29mar1999,03apr1999,5,1
9,01apr1999,01apr1999,20,1
19,03apr1999,07apr1999,5,1
6,30mar1999,05apr1999,5,1
23,04apr1999,06apr1999,5,1
21,02apr1999,02apr1999,5,1
11,26mar1999,30mar1999,1,1
7,25mar1999,01apr1999,24,1
19,30apr1999,30apr1999,20,1
20,28mar1999,28mar1999,,1
15,18apr1999,18apr1999,13,1
6,27mar1999,27mar1999,20,1
56,29mar1999,29mar1999,5,1
4,02apr1999,03apr1999,24,1
6,05apr1999,06apr1999,25,1
7,12apr1999,15apr1999,21,1
4,10apr1999,15apr1999,11,1
8,27mar1999,31mar1999,,1
9,01apr1999,01apr1999,5,1
,,,20,1
8,30apr1999,30apr1999,20,1
4,28mar1999,28mar1999,20,1
7,29apr1999,29apr1999,20,1
7,30apr1999,30apr1999,20,1
4,25mar1999,29apr1999,20,1
5,01may1999,01may1999,20,1
4,15sep1998,15feb1999,20,1
8,29apr1999,29apr1999,19,1
6,28apr1999,28apr1999,20,1
6,30apr1999,30apr1999,20,1
8,28mar1999,28mar1999,20,1
9,30apr1999,30apr1999,20,1
5,30apr1999,30apr1999,20,1
7,30apr1999,30apr1999,20,1
6,30apr1999,30apr1999,20,1
7,30apr1999,30apr1999,20,1
5,01may1999,01may1999,20,1
23,22mar1999,26mar1999,24,1
5,09apr1999,09apr1999,24,1
4,02apr1999,02apr1999,20,1
5,01apr1999,01apr1999,20,1
5,24apr1999,24apr1999,20,1
8,28mar1999,28mar1999,20,1
27,15mar1999,15mar1999,20,1
12,07apr1999,15apr1999,13,1
10,15sep1998,15oct1998,20,1
9,02apr1999,26apr1999,20,1
7,02apr1999,02apr1999,20,1
11,03sep1998,03apr1999,20,1
5,16apr1999,16apr1999,13,1
5,28mar1999,20apr1999,20,1
7,28mar1999,30mar1999,20,1
5,02apr1998,09apr1999,20,1
10,18apr1999,18apr1999,13,1
8,14jul1998,02apr1999,12,1
6,28mar1999,28mar1999,20,1
5,24mar1999,15apr1999,24,1
8,22apr1999,22apr1999,20,1
10,02aug1998,02apr1999,20,1
6,15jun1998,23jul1998,2,1
2,15apr1999,15apr1999,11,1
17,07apr1999,07apr1999,24,1
15,22mar1999,12apr1999,20,1
6,12apr1999,17apr1999,11,1
13,28mar1999,29mar1999,24,1
