ipls_id,numpers,exdate,pcode
118,7,,-1
1626,15,,11038
1224,7,08May1998,8040
1063,2,13Jul1998,17077
1225,4,16Aug1998,3023
250,9,08Sep1998,8022
850,9,02Mar1999,16015
1567,10,02Mar1999,8045
848,6,02Mar1999,16015
849,6,02Mar1999,16015
1569,11,03Mar1999,16004
1568,10,03Mar1999,16038
1382,12,03Mar1999,19060
1191,1,04Mar1999,11019
1190,5,04Mar1999,11019
906,7,13Mar1999,11019
1609,10,16Mar1999,11002
1614,9,16Mar1999,27066
1613,22,16Mar1999,-1
1610,7,16Mar1999,11019
1477,8,16Mar1999,4022
1612,6,16Mar1999,11019
1611,6,16Mar1999,17093
1498,7,17Mar1999,21050
1686,6,17Mar1999,-1
751,0,18Mar1999,20000
752,5,18Mar1999,20000
753,3,18Mar1999,20000
750,4,18Mar1999,20000
1052,16,19Mar1999,20000
1054,16,19Mar1999,20000
1053,16,19Mar1999,20000
392,5,22Mar1999,11038
391,10,22Mar1999,27023
1096,2,22Mar1999,8057
1095,5,22Mar1999,24002
799,8,22Mar1999,16057
390,4,22Mar1999,27023
98,5,23Mar1999,24070
1247,2,24Mar1999,20080
950,6,24Mar1999,17077
1243,5,24Mar1999,20072
1245,6,24Mar1999,20072
1246,7,24Mar1999,20072
1248,4,24Mar1999,20080
1244,3,24Mar1999,20072
716,5,25Mar1999,27002
195,19,25Mar1999,20000
1061,5,25Mar1999,11019
100,3,25Mar1999,16056
1486,5,25Mar1999,16061
194,19,25Mar1999,20000
584,5,25Mar1999,20000
715,15,25Mar1999,27002
51,17,25Mar1999,24062
321,9,25Mar1999,11019
143,6,25Mar1999,24072
583,8,25Mar1999,20000
517,5,25Mar1999,20000
1318,5,25Mar1999,16007
1241,7,25Mar1999,16007
50,7,25Mar1999,20073
196,13,25Mar1999,20000
1290,4,26Mar1999,16007
589,3,26Mar1999,20041
1263,13,26Mar1999,16039
660,18,26Mar1999,1044
684,6,26Mar1999,20000
724,8,26Mar1999,16042
588,0,26Mar1999,20041
494,18,26Mar1999,1044
586,5,26Mar1999,3011
1833,12,26Mar1999,2004
1830,7,26Mar1999,24070
516,5,26Mar1999,3011
1737,6,26Mar1999,20046
587,8,26Mar1999,20041
685,8,26Mar1999,20000
585,3,26Mar1999,20000
357,4,26Mar1999,17077
1747,5,26Mar1999,20000
658,11,26Mar1999,20000
72,12,26Mar1999,6062
1215,8,27Mar1999,20059
691,3,27Mar1999,17077
1240,6,27Mar1999,20000
1220,7,27Mar1999,20072
890,10,27Mar1999,20003
1581,8,27Mar1999,16041
1831,13,27Mar1999,16035
1264,6,27Mar1999,20059
1302,6,27Mar1999,20072
1457,4,27Mar1999,19060
1301,3,27Mar1999,20072
1736,6,27Mar1999,8006
1319,13,27Mar1999,2088
1022,21,27Mar1999,16057
1210,5,27Mar1999,24070
1808,15,27Mar1999,16035
891,15,27Mar1999,20003
1512,10,27Mar1999,20059
1239,5,27Mar1999,24058
520,5,27Mar1999,8051
1023,21,27Mar1999,16057
1066,4,27Mar1999,24053
1015,5,27Mar1999,20000
1696,7,27Mar1999,21052
521,5,27Mar1999,8051
590,5,27Mar1999,8051
1265,5,27Mar1999,20059
766,7,27Mar1999,20000
1143,5,27Mar1999,20015
1156,6,27Mar1999,24070
1836,4,27Mar1999,19060
1223,8,27Mar1999,20072
734,5,27Mar1999,17077
1216,12,27Mar1999,20059
310,11,27Mar1999,17077
1213,5,27Mar1999,2088
1016,7,27Mar1999,24044
1511,10,27Mar1999,20059
889,8,27Mar1999,20003
665,4,27Mar1999,19060
1211,6,27Mar1999,24072
591,5,27Mar1999,8051
1270,4,27Mar1999,20059
1272,2,27Mar1999,20000
669,7,28Mar1999,20015
948,6,28Mar1999,17077
1114,7,28Mar1999,17044
1257,3,28Mar1999,20027
897,7,28Mar1999,20020
1357,9,28Mar1999,20020
1284,6,28Mar1999,20027
857,7,28Mar1999,17000
1130,4,28Mar1999,20000
883,5,28Mar1999,17077
1362,9,28Mar1999,20003
1103,8,28Mar1999,20013
1533,6,28Mar1999,8038
1338,8,28Mar1999,20000
1105,5,28Mar1999,20020
1117,5,28Mar1999,2088
1465,12,28Mar1999,19060
905,32,28Mar1999,20020
810,8,28Mar1999,20020
1231,2,28Mar1999,17077
452,14,28Mar1999,17077
1277,8,28Mar1999,20003
868,6,28Mar1999,20000
1266,5,28Mar1999,17077
912,8,28Mar1999,20000
1344,9,28Mar1999,20020
813,10,28Mar1999,24072
908,8,28Mar1999,17077
1367,7,28Mar1999,20020
1124,10,28Mar1999,-1
741,8,28Mar1999,8045
1325,10,28Mar1999,24073
1262,6,28Mar1999,17077
1160,8,28Mar1999,16049
1040,6,28Mar1999,20020
1279,6,28Mar1999,20000
765,4,28Mar1999,11010
764,5,28Mar1999,11010
705,5,28Mar1999,6011
223,5,28Mar1999,6050
761,5,28Mar1999,17077
1199,5,28Mar1999,20020
746,4,28Mar1999,17077
1142,10,28Mar1999,20020
1141,6,28Mar1999,20020
316,6,28Mar1999,6000
720,5,28Mar1999,24035
620,7,28Mar1999,16007
709,9,28Mar1999,17101
447,13,28Mar1999,17077
1330,4,28Mar1999,17077
929,6,28Mar1999,20020
926,8,28Mar1999,20020
1255,4,28Mar1999,20027
888,8,28Mar1999,20046
510,6,28Mar1999,17077
1042,4,28Mar1999,16007
1274,4,28Mar1999,20003
388,22,28Mar1999,20109
1699,4,28Mar1999,2019
508,7,28Mar1999,17077
1297,3,28Mar1999,2079
712,6,28Mar1999,20000
956,15,28Mar1999,20020
997,4,28Mar1999,20020
1291,7,28Mar1999,20000
637,16,28Mar1999,24058
290,7,28Mar1999,17077
1107,1,28Mar1999,20020
1161,2,28Mar1999,17077
690,3,28Mar1999,20003
309,11,28Mar1999,6016
1358,5,28Mar1999,20020
872,5,28Mar1999,20000
565,5,28Mar1999,17077
541,4,28Mar1999,16030
693,5,28Mar1999,17077
1300,8,28Mar1999,2001
662,11,28Mar1999,20020
1025,9,28Mar1999,2019
1293,7,28Mar1999,24070
308,13,28Mar1999,6016
652,5,28Mar1999,24072
621,12,28Mar1999,16007
1122,4,28Mar1999,17077
638,22,28Mar1999,17077
1111,7,28Mar1999,20020
1158,6,28Mar1999,20020
1184,6,28Mar1999,17077
860,5,28Mar1999,17000
1235,6,28Mar1999,17077
623,13,28Mar1999,17077
622,13,28Mar1999,17077
930,11,28Mar1999,17077
181,7,28Mar1999,1037
954,30,28Mar1999,16057
1238,5,28Mar1999,20043
209,13,28Mar1999,11019
611,14,28Mar1999,17077
1326,7,28Mar1999,17077
878,8,28Mar1999,16007
485,5,28Mar1999,17077
634,14,28Mar1999,17077
790,1,28Mar1999,8045
1144,5,28Mar1999,17077
858,7,28Mar1999,17000
719,2,28Mar1999,20000
1624,4,28Mar1999,24072
1280,5,28Mar1999,24044
1501,4,28Mar1999,24058
1157,8,28Mar1999,16060
1283,8,28Mar1999,20027
706,6,28Mar1999,17077
871,3,28Mar1999,17077
911,2,28Mar1999,17077
1380,9,28Mar1999,19060
689,8,28Mar1999,20003
1310,8,28Mar1999,16061
651,8,28Mar1999,24072
1577,8,28Mar1999,6050
1759,3,28Mar1999,2017
1335,8,28Mar1999,20000
394,9,28Mar1999,17055
540,12,28Mar1999,16030
957,5,28Mar1999,20020
717,9,28Mar1999,20000
1170,7,28Mar1999,20080
400,10,28Mar1999,27042
70,6,28Mar1999,6062
63,2,28Mar1999,6020
1312,5,28Mar1999,20020
1359,7,28Mar1999,20020
1132,6,28Mar1999,20020
1637,10,28Mar1999,8045
1324,5,28Mar1999,17077
469,7,28Mar1999,16007
1123,7,28Mar1999,20000
1295,9,28Mar1999,20020
1252,6,28Mar1999,20000
1331,9,28Mar1999,17077
1250,7,28Mar1999,24035
1256,5,28Mar1999,20027
1267,3,28Mar1999,17077
466,5,28Mar1999,17077
692,6,28Mar1999,17077
1214,8,28Mar1999,20020
1121,7,28Mar1999,17077
1202,6,28Mar1999,2088
389,22,28Mar1999,20109
1146,9,28Mar1999,17077
641,12,28Mar1999,24072
923,6,28Mar1999,16057
468,14,28Mar1999,17077
927,12,28Mar1999,20020
992,11,28Mar1999,17077
1221,7,28Mar1999,20020
215,11,28Mar1999,1000
993,15,28Mar1999,24016
1002,22,28Mar1999,20058
1106,4,28Mar1999,20020
1186,10,28Mar1999,16048
1321,10,28Mar1999,16007
963,6,28Mar1999,11019
1435,8,28Mar1999,19060
1164,7,28Mar1999,17077
1752,7,28Mar1999,20013
1147,9,28Mar1999,17077
981,8,28Mar1999,16004
1046,16,28Mar1999,11010
998,7,28Mar1999,17077
1381,9,28Mar1999,19060
1327,10,28Mar1999,20020
1778,4,28Mar1999,2017
861,5,28Mar1999,17000
677,3,28Mar1999,19060
1086,5,28Mar1999,16016
1013,11,28Mar1999,16061
1339,6,28Mar1999,20000
222,4,28Mar1999,6050
1233,4,28Mar1999,20020
1152,5,28Mar1999,20080
1001,6,28Mar1999,27066
1049,16,28Mar1999,11019
1010,5,28Mar1999,17077
1072,11,28Mar1999,8000
1071,3,28Mar1999,8000
739,22,28Mar1999,20109
1065,7,28Mar1999,8011
1368,4,28Mar1999,20020
886,2,28Mar1999,17077
1217,12,28Mar1999,1006
725,7,28Mar1999,17077
1048,16,28Mar1999,11010
1140,5,28Mar1999,20109
556,7,28Mar1999,20087
1181,6,28Mar1999,17077
873,9,28Mar1999,20020
1323,2,28Mar1999,17077
744,4,28Mar1999,17077
1089,4,28Mar1999,17077
329,4,28Mar1999,17077
1254,6,28Mar1999,20020
1165,11,28Mar1999,20000
1108,2,28Mar1999,20020
1229,11,28Mar1999,20000
985,5,28Mar1999,17077
1118,7,28Mar1999,20000
566,5,28Mar1999,17077
1261,7,28Mar1999,20020
1131,11,28Mar1999,20020
688,13,28Mar1999,8045
1134,4,28Mar1999,20020
1138,3,28Mar1999,16007
1489,40,28Mar1999,2000
819,6,28Mar1999,24072
1090,5,28Mar1999,17077
749,10,28Mar1999,20003
1149,8,28Mar1999,17077
1150,7,28Mar1999,24072
711,9,28Mar1999,20000
1151,7,28Mar1999,24072
1352,10,28Mar1999,16007
755,2,28Mar1999,20000
1461,14,28Mar1999,19035
1340,9,28Mar1999,20000
1176,6,28Mar1999,17077
686,8,28Mar1999,8045
1755,5,28Mar1999,20111
959,11,28Mar1999,16007
1201,8,28Mar1999,17077
1226,6,28Mar1999,20000
1296,6,28Mar1999,2079
1192,5,28Mar1999,16016
1198,24,28Mar1999,20020
877,7,28Mar1999,16007
1203,6,28Mar1999,2088
1208,7,28Mar1999,2001
921,21,28Mar1999,16057
180,10,28Mar1999,1037
803,10,28Mar1999,16007
1102,7,28Mar1999,20013
949,2,28Mar1999,17077
1278,7,28Mar1999,24072
562,14,28Mar1999,17077
1154,9,28Mar1999,17049
759,7,28Mar1999,17077
1758,4,28Mar1999,2017
925,12,28Mar1999,20020
1351,5,28Mar1999,20000
1125,8,28Mar1999,20027
1253,6,28Mar1999,20020
748,5,28Mar1999,20003
1259,4,28Mar1999,24054
1222,5,28Mar1999,20020
1174,6,28Mar1999,17077
633,14,28Mar1999,17077
1334,6,28Mar1999,2088
928,6,28Mar1999,16057
1282,7,28Mar1999,20027
896,5,28Mar1999,20020
1287,6,28Mar1999,17077
1128,6,28Mar1999,16057
1135,5,28Mar1999,16007
1145,3,28Mar1999,17077
1237,5,28Mar1999,20043
1306,4,28Mar1999,20020
1311,9,28Mar1999,16061
1468,9,28Mar1999,19060
958,9,28Mar1999,20080
1041,5,28Mar1999,16007
1292,6,28Mar1999,20027
802,6,28Mar1999,17077
507,2,28Mar1999,20000
704,11,28Mar1999,17077
1337,6,28Mar1999,20000
1286,2,28Mar1999,17077
1110,4,28Mar1999,20020
924,8,28Mar1999,20020
624,13,28Mar1999,17077
323,4,28Mar1999,17077
1350,6,28Mar1999,20020
1757,12,28Mar1999,2017
1353,6,28Mar1999,24070
1354,5,28Mar1999,20080
1209,7,28Mar1999,2001
1234,6,28Mar1999,20020
1133,6,28Mar1999,20020
1155,13,28Mar1999,17049
1075,4,28Mar1999,8000
708,6,28Mar1999,17101
1207,13,28Mar1999,24058
718,5,28Mar1999,16040
1258,8,28Mar1999,24054
393,7,28Mar1999,27006
991,9,28Mar1999,20020
1595,9,28Mar1999,8047
1228,5,28Mar1999,20000
747,9,28Mar1999,24035
714,12,28Mar1999,20109
1412,12,28Mar1999,19060
1754,3,28Mar1999,20111
1273,7,28Mar1999,20003
421,3,28Mar1999,17092
1288,10,28Mar1999,16040
509,5,28Mar1999,17077
670,11,28Mar1999,20035
960,7,28Mar1999,24072
555,8,28Mar1999,16009
1304,6,28Mar1999,16031
675,7,28Mar1999,9000
1067,2,28Mar1999,16040
330,20,28Mar1999,16039
1837,10,28Mar1999,15018
1341,8,28Mar1999,20000
781,7,28Mar1999,17077
1751,7,28Mar1999,20013
486,5,28Mar1999,17077
1554,7,28Mar1999,17077
1322,2,28Mar1999,17077
1236,8,28Mar1999,20043
461,14,28Mar1999,17077
1172,7,28Mar1999,20051
1369,6,28Mar1999,24072
869,7,28Mar1999,17077
1251,11,28Mar1999,20080
811,4,28Mar1999,20020
1200,5,28Mar1999,20020
1814,17,28Mar1999,24070
1005,8,28Mar1999,17051
1343,4,28Mar1999,20020
207,8,28Mar1999,6050
1047,16,28Mar1999,11010
1171,8,28Mar1999,20000
1227,8,28Mar1999,20000
812,5,28Mar1999,20000
212,7,28Mar1999,6050
1219,6,28Mar1999,20000
1317,11,28Mar1999,20020
1212,6,28Mar1999,20020
1303,6,28Mar1999,20020
1076,2,28Mar1999,17077
448,13,28Mar1999,17077
1167,9,28Mar1999,24070
402,10,28Mar1999,27042
1230,7,28Mar1999,24058
1260,14,28Mar1999,24054
1756,13,28Mar1999,20083
1091,5,28Mar1999,17077
1320,6,28Mar1999,16007
311,7,28Mar1999,21000
1175,6,28Mar1999,17077
467,5,28Mar1999,17077
1298,3,28Mar1999,20080
527,12,28Mar1999,16061
1487,5,28Mar1999,16007
1355,8,28Mar1999,20072
306,14,28Mar1999,6000
1120,4,28Mar1999,20000
221,7,28Mar1999,6050
210,9,28Mar1999,6050
1779,6,28Mar1999,20041
328,7,28Mar1999,21000
1148,8,28Mar1999,17077
1446,9,28Mar1999,19060
1169,12,28Mar1999,20043
456,7,28Mar1999,17077
1119,8,28Mar1999,16039
133,6,28Mar1999,6050
1070,5,28Mar1999,8000
859,7,28Mar1999,17000
1750,8,28Mar1999,20013
713,3,28Mar1999,20000
1249,7,28Mar1999,8045
703,2,28Mar1999,21052
1555,9,28Mar1999,24044
668,6,28Mar1999,20015
1218,6,28Mar1999,17055
961,10,28Mar1999,24072
557,7,28Mar1999,16009
1316,9,28Mar1999,20080
870,3,28Mar1999,17077
955,30,28Mar1999,16057
687,8,28Mar1999,8045
1069,8,28Mar1999,8000
1173,11,28Mar1999,16039
1363,9,28Mar1999,20003
1515,5,28Mar1999,17077
879,3,28Mar1999,16007
1077,5,28Mar1999,20003
1153,6,28Mar1999,20020
1285,5,28Mar1999,17077
1187,5,28Mar1999,16010
1336,7,28Mar1999,20000
1136,5,28Mar1999,16007
745,3,28Mar1999,17077
1753,5,28Mar1999,2017
1127,7,28Mar1999,17077
1445,3,28Mar1999,19060
61,7,28Mar1999,17074
1159,7,28Mar1999,20020
767,4,28Mar1999,20020
1139,6,28Mar1999,24035
701,,28Mar1999,21052
942,5,28Mar1999,17077
1078,5,28Mar1999,20003
814,2,28Mar1999,24072
1276,6,28Mar1999,20003
9,6,29Mar1999,20082
1345,6,29Mar1999,24035
884,5,29Mar1999,4072
1488,30,29Mar1999,16009
967,5,29Mar1999,20065
530,5,29Mar1999,25086
542,5,29Mar1999,2019
617,12,29Mar1999,19060
1694,5,29Mar1999,24070
1346,6,29Mar1999,24035
1742,7,29Mar1999,16041
697,5,29Mar1999,25086
885,7,29Mar1999,4077
522,9,29Mar1999,25086
818,5,29Mar1999,24070
1342,7,29Mar1999,17077
678,7,29Mar1999,19060
141,13,29Mar1999,16040
1536,3,29Mar1999,1000
1361,6,29Mar1999,16007
1481,11,29Mar1999,19060
1348,5,29Mar1999,20020
679,7,29Mar1999,2088
947,6,29Mar1999,17077
664,4,29Mar1999,11019
1453,5,29Mar1999,19060
1484,8,29Mar1999,19062
1206,6,29Mar1999,16002
698,4,29Mar1999,25086
1743,6,29Mar1999,16041
343,5,29Mar1999,6020
1740,19,29Mar1999,16009
497,4,29Mar1999,11019
700,3,29Mar1999,25086
1766,7,29Mar1999,20083
1347,5,29Mar1999,20020
663,4,29Mar1999,11019
681,6,29Mar1999,20041
7,7,29Mar1999,5004
825,7,29Mar1999,16032
824,6,29Mar1999,16032
696,9,29Mar1999,25086
1741,9,29Mar1999,20000
1366,5,29Mar1999,16007
1564,8,29Mar1999,8043
1356,8,29Mar1999,20003
1746,7,29Mar1999,20106
726,9,29Mar1999,2019
1034,9,29Mar1999,16055
1360,5,29Mar1999,20020
680,10,29Mar1999,20041
1033,17,29Mar1999,16055
1104,6,29Mar1999,4012
1032,12,29Mar1999,16055
1674,6,29Mar1999,10000
892,7,29Mar1999,19060
498,4,29Mar1999,11019
1031,23,29Mar1999,16055
1745,13,29Mar1999,20106
1365,6,29Mar1999,16007
1003,15,29Mar1999,2019
1558,10,29Mar1999,16041
478,12,29Mar1999,19060
1744,6,29Mar1999,8057
1764,6,29Mar1999,20020
1772,3,29Mar1999,20111
1521,7,30Mar1999,16015
1062,5,30Mar1999,17035
918,40,30Mar1999,20014
38,,30Mar1999,4000
915,15,30Mar1999,20014
971,7,30Mar1999,20000
836,6,30Mar1999,16031
683,7,30Mar1999,20047
1514,8,30Mar1999,20014
979,5,30Mar1999,16016
1559,7,30Mar1999,20058
1462,8,30Mar1999,19060
837,4,30Mar1999,24003
1402,5,30Mar1999,19062
1801,8,30Mar1999,20041
980,7,30Mar1999,8002
1471,6,30Mar1999,19060
1403,12,30Mar1999,19060
917,21,30Mar1999,20014
976,9,30Mar1999,2088
1406,9,30Mar1999,19060
1404,9,30Mar1999,19060
438,6,30Mar1999,20041
1183,4,30Mar1999,16002
1761,10,30Mar1999,20083
1535,16,30Mar1999,24032
1472,6,30Mar1999,19056
1785,18,30Mar1999,20041
554,6,30Mar1999,19060
1616,12,30Mar1999,20002
1819,10,30Mar1999,16018
1763,6,30Mar1999,20083
1029,12,30Mar1999,16055
1006,11,30Mar1999,17048
982,9,30Mar1999,20083
1807,9,30Mar1999,20041
1760,7,30Mar1999,20083
1800,9,30Mar1999,20041
439,7,30Mar1999,20047
975,9,30Mar1999,20083
1825,8,30Mar1999,19060
1520,4,30Mar1999,16015
1805,9,30Mar1999,20083
1189,5,30Mar1999,16002
37,,30Mar1999,13059
1205,8,30Mar1999,2088
972,11,30Mar1999,20083
984,0,30Mar1999,-1
553,7,30Mar1999,2088
1448,9,30Mar1999,15021
1517,8,30Mar1999,16015
1762,10,30Mar1999,20083
1583,7,30Mar1999,16055
1188,4,30Mar1999,16002
1799,15,30Mar1999,20030
1204,10,30Mar1999,2088
946,7,30Mar1999,20014
953,5,30Mar1999,20014
1500,30,30Mar1999,8079
978,12,30Mar1999,16016
1522,8,30Mar1999,16015
1786,13,30Mar1999,20058
916,44,30Mar1999,20014
1059,8,30Mar1999,16031
1739,9,30Mar1999,8057
1804,7,30Mar1999,20083
835,8,30Mar1999,16031
1020,5,30Mar1999,8057
970,12,30Mar1999,20000
1030,21,30Mar1999,16055
728,8,30Mar1999,2000
973,13,30Mar1999,20083
914,28,30Mar1999,20014
39,2,30Mar1999,4000
1028,21,30Mar1999,16055
1269,2,30Mar1999,17077
1440,7,30Mar1999,24072
1820,15,30Mar1999,16018
920,4,30Mar1999,17007
1523,2,30Mar1999,16015
1748,9,30Mar1999,20000
1738,12,30Mar1999,20089
1516,7,30Mar1999,16015
1470,7,30Mar1999,16016
941,15,30Mar1999,20014
977,10,30Mar1999,16016
1466,11,30Mar1999,19060
1332,5,30Mar1999,16002
1797,28,30Mar1999,20000
1821,10,30Mar1999,16018
1802,11,30Mar1999,20000
1769,12,30Mar1999,16042
1806,5,30Mar1999,20083
919,4,30Mar1999,17077
940,15,30Mar1999,20014
1508,18,30Mar1999,8014
1411,7,30Mar1999,19060
1826,6,30Mar1999,19060
943,8,30Mar1999,20014
1513,10,30Mar1999,20014
1557,7,30Mar1999,20000
682,6,30Mar1999,20041
1519,5,30Mar1999,16015
974,20,30Mar1999,2017
944,5,30Mar1999,20014
1328,2,30Mar1999,3035
945,5,30Mar1999,20014
952,2,30Mar1999,20014
1795,23,30Mar1999,20041
1796,9,30Mar1999,20041
1798,2,30Mar1999,20000
1019,7,30Mar1999,20106
1060,3,30Mar1999,16031
1803,22,30Mar1999,20000
727,5,30Mar1999,24075
1633,12,30Mar1999,17003
1822,15,31Mar1999,16055
552,7,31Mar1999,20038
800,4,31Mar1999,19060
437,7,31Mar1999,16057
197,8,31Mar1999,16057
838,5,31Mar1999,17077
457,5,31Mar1999,17077
578,15,31Mar1999,20014
1423,7,31Mar1999,19062
839,6,31Mar1999,17077
899,9,31Mar1999,19060
1417,4,31Mar1999,19060
801,5,31Mar1999,19060
882,9,31Mar1999,16015
779,6,31Mar1999,16032
1813,7,31Mar1999,2019
1812,4,31Mar1999,2019
1410,7,31Mar1999,18022
676,7,31Mar1999,16057
459,3,31Mar1999,17077
1545,6,31Mar1999,8079
738,5,31Mar1999,24049
619,7,31Mar1999,20083
545,6,31Mar1999,20083
735,18,31Mar1999,24049
881,8,31Mar1999,16015
777,5,31Mar1999,16032
320,6,31Mar1999,20000
778,3,31Mar1999,16032
1085,6,31Mar1999,8085
1634,7,31Mar1999,11024
730,5,31Mar1999,20072
511,4,31Mar1999,19060
618,5,31Mar1999,20083
840,3,31Mar1999,17077
458,6,31Mar1999,17077
1409,9,31Mar1999,19060
1832,7,31Mar1999,2019
898,8,31Mar1999,20014
736,6,31Mar1999,24049
546,7,31Mar1999,20083
737,7,31Mar1999,24049
731,5,31Mar1999,20072
550,7,31Mar1999,20000
549,8,31Mar1999,20000
962,9,31Mar1999,5004
729,6,31Mar1999,20072
551,9,31Mar1999,20038
786,3,01Apr1999,2019
460,10,01Apr1999,17077
56,13,01Apr1999,20000
937,8,01Apr1999,19060
465,13,01Apr1999,21000
1502,7,01Apr1999,21031
807,8,01Apr1999,20000
1726,8,01Apr1999,16041
808,3,01Apr1999,20000
1421,5,01Apr1999,19060
440,3,01Apr1999,2019
1824,6,01Apr1999,19060
1051,10,01Apr1999,8085
798,1,01Apr1999,24002
775,8,01Apr1999,17077
1447,9,01Apr1999,19060
1725,13,01Apr1999,16024
834,19,01Apr1999,16031
1702,3,01Apr1999,21057
1724,13,01Apr1999,20106
1434,6,01Apr1999,15021
1443,7,01Apr1999,19060
1458,25,01Apr1999,16024
513,8,01Apr1999,17077
833,14,01Apr1999,16032
821,5,01Apr1999,16032
1788,12,01Apr1999,20106
547,9,01Apr1999,24013
854,20,01Apr1999,16015
1588,18,01Apr1999,12019
55,8,01Apr1999,20000
173,6,01Apr1999,2019
1180,12,01Apr1999,2019
936,27,01Apr1999,19060
1439,6,01Apr1999,19060
299,5,01Apr1999,2019
1378,9,01Apr1999,9009
462,10,01Apr1999,21052
1783,5,01Apr1999,16041
1126,6,01Apr1999,21049
442,1,01Apr1999,24002
1816,2,01Apr1999,27066
1817,13,01Apr1999,27066
938,10,01Apr1999,19060
1723,18,01Apr1999,2017
280,4,01Apr1999,1024
1811,7,01Apr1999,2068
939,10,01Apr1999,19060
707,11,01Apr1999,20014
445,3,01Apr1999,24002
84,14,01Apr1999,16042
784,3,01Apr1999,2019
1815,6,01Apr1999,24070
1504,16,01Apr1999,21031
484,7,01Apr1999,24013
1552,2,01Apr1999,7027
1547,13,01Apr1999,17043
1179,9,01Apr1999,2019
490,11,01Apr1999,1024
471,6,01Apr1999,24002
1537,13,01Apr1999,8026
1178,12,01Apr1999,2019
1129,8,01Apr1999,2019
563,10,01Apr1999,17077
444,7,01Apr1999,24002
1427,6,01Apr1999,19060
1562,8,01Apr1999,12019
1430,6,01Apr1999,16031
305,5,01Apr1999,6058
794,8,01Apr1999,24002
548,7,01Apr1999,24033
966,5,01Apr1999,2019
797,3,01Apr1999,24002
1450,4,01Apr1999,19069
820,7,01Apr1999,16032
1480,4,01Apr1999,19060
106,11,01Apr1999,20032
1294,7,01Apr1999,20036
855,2,01Apr1999,10028
795,7,01Apr1999,24002
153,6,01Apr1999,2019
441,3,01Apr1999,24002
1818,8,01Apr1999,27066
1050,10,01Apr1999,8085
893,8,01Apr1999,20046
1782,6,01Apr1999,24054
776,8,01Apr1999,17077
1787,3,01Apr1999,20106
774,6,01Apr1999,17077
13,6,01Apr1999,20005
1433,8,01Apr1999,15021
1553,5,01Apr1999,7027
1068,6,01Apr1999,8085
443,8,01Apr1999,24002
594,6,01Apr1999,24002
1400,10,01Apr1999,19060
483,7,01Apr1999,24033
1464,12,01Apr1999,2019
1021,21,01Apr1999,1000
375,13,01Apr1999,19060
1789,27,01Apr1999,16041
1194,7,01Apr1999,2019
796,3,01Apr1999,24002
1810,6,01Apr1999,2010
650,11,01Apr1999,1024
15,4,01Apr1999,20005
1708,11,02Apr1999,5004
631,11,02Apr1999,2019
841,18,02Apr1999,16057
567,8,02Apr1999,27002
1308,4,02Apr1999,24054
604,1,02Apr1999,2019
1829,11,02Apr1999,2055
845,7,02Apr1999,16015
474,4,02Apr1999,2019
52,23,02Apr1999,20007
815,7,02Apr1999,2019
570,8,02Apr1999,16038
561,8,02Apr1999,16057
597,6,02Apr1999,20000
1585,4,02Apr1999,20093
248,3,02Apr1999,2019
598,6,02Apr1999,20000
338,15,02Apr1999,2019
475,5,02Apr1999,2019
1653,4,02Apr1999,2019
757,4,02Apr1999,2050
1544,5,02Apr1999,1000
291,6,02Apr1999,2019
464,21,02Apr1999,24034
1646,6,02Apr1999,24066
1791,8,02Apr1999,16042
571,2,02Apr1999,16038
348,4,02Apr1999,2019
573,2,02Apr1999,24002
606,7,02Apr1999,24013
1505,22,02Apr1999,20058
152,5,02Apr1999,2019
740,18,02Apr1999,16031
1232,6,02Apr1999,2088
87,11,02Apr1999,21002
1731,17,02Apr1999,24062
568,7,02Apr1999,16038
560,6,02Apr1999,16057
496,4,02Apr1999,2019
454,5,02Apr1999,2019
559,4,02Apr1999,16057
317,6,02Apr1999,11019
1765,12,02Apr1999,16016
1591,3,02Apr1999,24062
605,5,02Apr1999,2019
1307,4,02Apr1999,24054
1556,5,02Apr1999,20093
351,4,02Apr1999,2019
987,11,02Apr1999,2019
101,9,02Apr1999,20082
639,15,02Apr1999,2019
102,8,02Apr1999,20082
16,26,02Apr1999,24005
361,8,02Apr1999,2019
247,5,02Apr1999,2019
782,9,02Apr1999,8045
1428,8,02Apr1999,21006
986,8,02Apr1999,2019
1590,3,02Apr1999,24062
558,21,02Apr1999,24034
476,7,02Apr1999,24013
569,6,02Apr1999,16038
1586,8,02Apr1999,20093
1456,6,02Apr1999,19060
524,6,02Apr1999,2019
1079,6,02Apr1999,1000
842,16,02Apr1999,16057
1475,5,02Apr1999,16055
609,12,02Apr1999,20080
756,5,02Apr1999,2050
632,11,02Apr1999,2019
1543,8,02Apr1999,24031
1584,12,02Apr1999,8079
1083,6,02Apr1999,8085
341,6,02Apr1999,2019
572,14,02Apr1999,24002
1730,17,02Apr1999,24062
284,5,02Apr1999,24066
1084,5,02Apr1999,8085
792,10,02Apr1999,16015
901,3,02Apr1999,2019
1835,4,02Apr1999,2019
844,16,02Apr1999,16015
780,7,02Apr1999,16038
579,7,02Apr1999,16057
903,5,02Apr1999,2019
295,15,02Apr1999,2019
599,5,02Apr1999,20020
318,4,02Apr1999,11019
1792,5,02Apr1999,16042
895,4,02Apr1999,20027
53,9,02Apr1999,20007
359,3,02Apr1999,2019
1309,1,02Apr1999,24054
1587,6,02Apr1999,20093
17,7,02Apr1999,20105
742,7,02Apr1999,2019
733,5,02Apr1999,2019
251,27,02Apr1999,2088
902,5,02Apr1999,2019
285,4,02Apr1999,24066
342,3,02Apr1999,2019
88,5,02Apr1999,21002
514,3,02Apr1999,24013
1415,6,02Apr1999,19060
732,7,02Apr1999,2019
451,11,02Apr1999,2019
721,5,02Apr1999,24002
894,3,02Apr1999,20027
642,9,02Apr1999,2019
534,7,02Apr1999,2019
536,5,02Apr1999,2019
577,3,02Apr1999,24013
783,8,02Apr1999,8045
1177,12,02Apr1999,2019
1431,14,02Apr1999,27043
296,5,02Apr1999,2019
935,10,02Apr1999,2019
1349,5,02Apr1999,16038
1168,9,02Apr1999,24061
353,5,02Apr1999,2019
358,8,02Apr1999,2019
446,10,02Apr1999,16015
360,5,02Apr1999,2019
252,27,02Apr1999,2088
515,7,02Apr1999,16057
434,12,02Apr1999,17077
580,5,02Apr1999,16038
92,7,02Apr1999,5004
722,6,02Apr1999,16031
1560,12,02Apr1999,20093
253,27,02Apr1999,2088
793,4,02Apr1999,24013
667,4,02Apr1999,2019
666,7,02Apr1999,2019
293,5,02Apr1999,2019
817,8,02Apr1999,24070
1405,5,02Apr1999,19060
537,4,02Apr1999,2019
1479,7,02Apr1999,19060
1422,7,02Apr1999,15003
603,4,02Apr1999,2019
846,3,02Apr1999,10028
1473,18,02Apr1999,1001
182,10,02Apr1999,11019
1589,3,02Apr1999,24062
626,10,02Apr1999,2019
723,1,02Apr1999,16031
1578,6,02Apr1999,8045
1571,4,02Apr1999,17041
349,6,02Apr1999,2019
625,10,02Apr1999,2019
14,5,02Apr1999,20005
1574,2,02Apr1999,17077
743,2,02Apr1999,2019
900,6,02Apr1999,2019
809,6,02Apr1999,24072
1087,5,03Apr1999,1030
90,11,03Apr1999,24043
1000,9,03Apr1999,2009
85,9,03Apr1999,24060
1383,6,03Apr1999,19060
1116,5,03Apr1999,20000
1438,14,03Apr1999,27005
1463,8,03Apr1999,19060
1777,7,03Apr1999,16007
805,7,03Apr1999,20000
830,12,03Apr1999,16057
1393,6,03Apr1999,19060
36,7,03Apr1999,5004
126,6,03Apr1999,-1
608,12,03Apr1999,24002
768,4,03Apr1999,24043
535,9,03Apr1999,2019
1193,7,03Apr1999,24060
990,10,03Apr1999,24043
279,8,03Apr1999,2094
1482,9,03Apr1999,19060
904,3,03Apr1999,2019
999,6,03Apr1999,2009
1449,7,03Apr1999,27000
93,8,03Apr1999,24024
1485,12,03Apr1999,7003
523,6,03Apr1999,2019
95,23,03Apr1999,24000
1429,5,03Apr1999,19060
1491,10,03Apr1999,17101
630,13,03Apr1999,16057
1313,6,03Apr1999,2094
1373,10,03Apr1999,19060
913,7,03Apr1999,24053
1401,6,03Apr1999,19060
1451,7,03Apr1999,27066
82,12,03Apr1999,20005
125,12,03Apr1999,-1
49,5,03Apr1999,24002
1385,4,03Apr1999,9009
500,4,03Apr1999,24043
1413,5,03Apr1999,9009
1384,6,03Apr1999,9009
582,7,03Apr1999,20000
659,0,03Apr1999,16051
544,6,03Apr1999,20072
770,6,03Apr1999,24043
1793,26,03Apr1999,16062
1398,5,03Apr1999,8057
493,4,03Apr1999,2019
769,9,03Apr1999,24043
1092,7,03Apr1999,16031
806,4,03Apr1999,20000
1548,7,03Apr1999,17043
629,13,03Apr1999,16057
324,5,03Apr1999,2019
276,9,03Apr1999,2094
832,2,03Apr1999,16057
1314,10,03Apr1999,2094
86,7,03Apr1999,24043
1827,9,03Apr1999,2019
528,7,03Apr1999,20072
1432,7,03Apr1999,27008
852,7,03Apr1999,20000
657,4,03Apr1999,2019
851,2,03Apr1999,20035
35,12,03Apr1999,5004
1767,31,03Apr1999,20083
319,4,03Apr1999,2019
453,9,03Apr1999,20043
529,5,03Apr1999,20072
656,4,03Apr1999,2019
1024,6,03Apr1999,1024
543,8,03Apr1999,20072
6,17,03Apr1999,5004
278,9,03Apr1999,2094
1437,7,03Apr1999,19060
501,9,03Apr1999,24043
325,7,03Apr1999,2019
12,6,03Apr1999,20005
1315,5,03Apr1999,2094
1442,6,03Apr1999,7003
931,12,03Apr1999,27059
1828,7,03Apr1999,6046
887,4,03Apr1999,2009
18,17,03Apr1999,24002
502,6,03Apr1999,24043
831,14,03Apr1999,16057
581,6,03Apr1999,16038
277,16,03Apr1999,2094
302,4,04Apr1999,2019
1689,6,04Apr1999,27050
874,2,04Apr1999,17077
124,6,04Apr1999,24000
635,14,04Apr1999,24043
1396,6,04Apr1999,9004
1561,17,04Apr1999,12019
1625,6,04Apr1999,16008
495,21,04Apr1999,1024
636,14,04Apr1999,24043
23,14,04Apr1999,24005
335,5,04Apr1999,11019
932,6,04Apr1999,2019
1387,6,04Apr1999,19049
97,10,04Apr1999,24000
1709,7,04Apr1999,2019
673,3,04Apr1999,17016
1386,8,04Apr1999,19060
322,6,04Apr1999,2019
1414,10,04Apr1999,9004
760,5,04Apr1999,2019
492,11,04Apr1999,16051
304,4,04Apr1999,2019
1394,7,04Apr1999,27059
19,5,04Apr1999,20040
853,7,04Apr1999,24003
654,9,04Apr1999,16057
114,9,04Apr1999,24049
1566,7,04Apr1999,21018
103,7,04Apr1999,9019
303,4,04Apr1999,2019
331,7,04Apr1999,2019
292,5,04Apr1999,2019
22,4,04Apr1999,20040
1,8,04Apr1999,24005
435,3,04Apr1999,17016
1467,4,04Apr1999,19060
1582,5,04Apr1999,20093
113,7,04Apr1999,24046
1395,5,04Apr1999,9004
1539,5,04Apr1999,17041
1648,8,04Apr1999,8014
1376,8,04Apr1999,19049
83,7,04Apr1999,5004
20,5,04Apr1999,20040
672,12,04Apr1999,17016
1195,3,04Apr1999,16040
4,13,04Apr1999,20040
1377,5,04Apr1999,9009
245,8,04Apr1999,2019
1719,14,04Apr1999,1044
674,3,04Apr1999,2050
436,3,04Apr1999,2050
21,10,04Apr1999,20040
8,4,04Apr1999,12082
123,7,04Apr1999,24000
1496,7,04Apr1999,11019
1565,5,04Apr1999,21018
287,5,04Apr1999,2019
5,8,04Apr1999,20040
216,6,04Apr1999,27004
297,5,04Apr1999,2019
25,6,04Apr1999,20040
491,9,04Apr1999,16057
288,5,04Apr1999,2019
339,5,04Apr1999,2019
996,6,04Apr1999,2019
300,5,04Apr1999,2019
653,2,04Apr1999,19060
246,7,04Apr1999,2019
655,11,04Apr1999,16051
1718,6,04Apr1999,17084
661,21,04Apr1999,1024
105,5,04Apr1999,18012
1538,12,04Apr1999,17041
2,7,04Apr1999,24005
3,12,04Apr1999,24005
1534,11,04Apr1999,8026
1185,2,04Apr1999,2019
24,7,04Apr1999,24005
671,10,04Apr1999,16029
933,8,04Apr1999,2019
843,5,04Apr1999,16034
1483,5,04Apr1999,19062
1242,4,05Apr1999,11019
188,36,05Apr1999,2094
477,16,05Apr1999,17077
110,16,05Apr1999,24000
482,5,05Apr1999,11019
539,4,05Apr1999,16061
1004,6,05Apr1999,16010
184,36,05Apr1999,2094
519,5,05Apr1999,-1
595,7,05Apr1999,24072
463,9,05Apr1999,17077
1593,7,05Apr1999,8038
312,5,05Apr1999,2019
1525,11,05Apr1999,11038
1014,23,05Apr1999,24053
526,5,05Apr1999,11019
384,16,05Apr1999,21036
1701,5,05Apr1999,21052
564,9,05Apr1999,17077
189,36,05Apr1999,2094
213,8,05Apr1999,6050
1700,7,05Apr1999,21052
183,36,05Apr1999,2094
1575,10,05Apr1999,1027
1563,3,05Apr1999,11038
575,7,05Apr1999,-1
356,6,05Apr1999,2019
576,5,05Apr1999,-1
109,10,05Apr1999,24000
243,6,05Apr1999,6020
354,8,05Apr1999,2019
574,4,05Apr1999,-1
355,4,05Apr1999,2019
117,9,05Apr1999,-1
191,12,05Apr1999,20000
518,7,05Apr1999,-1
385,16,05Apr1999,21036
108,5,05Apr1999,24072
244,8,05Apr1999,6020
1162,9,05Apr1999,20000
307,11,05Apr1999,16004
1163,9,05Apr1999,20000
1478,7,06Apr1999,18055
148,7,06Apr1999,11019
934,5,06Apr1999,2019
116,21,06Apr1999,2010
1305,1,06Apr1999,16040
128,7,06Apr1999,2050
525,6,06Apr1999,24043
1416,11,06Apr1999,27066
804,9,06Apr1999,20000
480,5,06Apr1999,24072
190,8,06Apr1999,16049
613,5,06Apr1999,2019
610,11,06Apr1999,2019
146,4,06Apr1999,11024
145,4,06Apr1999,11024
481,6,06Apr1999,24043
129,6,06Apr1999,8088
1691,6,06Apr1999,11019
538,5,06Apr1999,24072
147,4,06Apr1999,11024
149,6,06Apr1999,11024
1455,7,07Apr1999,16031
710,15,07Apr1999,24024
282,6,07Apr1999,16027
505,7,07Apr1999,24043
107,10,07Apr1999,24000
504,7,07Apr1999,24043
281,9,07Apr1999,16027
301,4,07Apr1999,2019
275,13,07Apr1999,16027
772,7,07Apr1999,24043
773,7,07Apr1999,24043
1408,6,07Apr1999,19060
829,3,08Apr1999,20072
119,23,08Apr1999,-1
827,4,08Apr1999,20072
1690,1,08Apr1999,21019
1714,15,08Apr1999,21059
922,21,08Apr1999,16057
115,8,08Apr1999,24064
828,5,08Apr1999,20072
127,10,08Apr1999,9009
81,11,08Apr1999,9019
1039,2,09Apr1999,3001
787,13,09Apr1999,8045
236,5,09Apr1999,13019
268,14,09Apr1999,13013
104,15,09Apr1999,9019
592,8,10Apr1999,9008
120,10,10Apr1999,-1
593,6,10Apr1999,9008
1733,7,10Apr1999,9008
600,6,10Apr1999,13068
596,11,10Apr1999,12010
601,4,10Apr1999,13068
1599,8,10Apr1999,2064
1771,7,10Apr1999,19060
455,9,10Apr1999,11019
816,9,10Apr1999,11019
472,6,10Apr1999,9008
473,8,10Apr1999,9008
1497,8,10Apr1999,16002
602,4,10Apr1999,13068
1397,7,10Apr1999,19060
470,11,10Apr1999,12010
404,7,11Apr1999,21019
1727,13,11Apr1999,9017
1729,8,11Apr1999,9017
1675,5,12Apr1999,6064
142,10,12Apr1999,9000
1495,7,12Apr1999,21028
265,10,12Apr1999,19060
283,8,12Apr1999,9017
382,6,12Apr1999,21019
91,5,12Apr1999,9007
231,12,12Apr1999,9017
350,2,12Apr1999,2062
96,4,12Apr1999,9007
203,14,12Apr1999,9017
298,7,12Apr1999,2019
263,9,12Apr1999,9019
77,5,12Apr1999,6029
264,6,12Apr1999,9019
232,4,12Apr1999,9017
262,11,12Apr1999,9019
130,9,12Apr1999,-1
165,15,12Apr1999,9017
202,14,12Apr1999,9017
1688,7,12Apr1999,21021
94,4,12Apr1999,9007
164,10,12Apr1999,9017
1636,13,13Apr1999,11019
418,6,13Apr1999,8032
417,6,13Apr1999,21008
1770,10,13Apr1999,9017
1790,7,13Apr1999,9017
403,7,13Apr1999,21019
1639,6,13Apr1999,-1
1768,4,13Apr1999,9017
412,6,13Apr1999,21044
1732,6,13Apr1999,9017
1640,4,13Apr1999,11019
240,5,14Apr1999,6055
241,6,14Apr1999,6055
211,7,14Apr1999,6050
1572,7,14Apr1999,11001
644,19,14Apr1999,17016
254,6,14Apr1999,16002
370,6,14Apr1999,21019
1573,5,14Apr1999,27045
229,8,14Apr1999,11019
1542,5,14Apr1999,11019
488,19,14Apr1999,17016
1682,5,14Apr1999,11019
1540,5,14Apr1999,11019
1490,5,14Apr1999,11019
242,5,14Apr1999,6020
239,4,14Apr1999,6055
1678,5,14Apr1999,6024
645,6,14Apr1999,8000
397,3,14Apr1999,21021
1541,1,14Apr1999,11019
1526,7,15Apr1999,11019
424,11,15Apr1999,11038
1550,3,15Apr1999,3029
64,18,15Apr1999,21031
410,15,15Apr1999,27066
1493,10,15Apr1999,11019
1631,6,15Apr1999,11038
261,7,15Apr1999,20000
1551,7,15Apr1999,11019
372,7,15Apr1999,11019
326,2,15Apr1999,11019
1594,4,15Apr1999,11019
1692,3,15Apr1999,11019
313,4,15Apr1999,11019
89,5,15Apr1999,11019
1494,7,15Apr1999,11019
627,14,15Apr1999,15021
1058,4,15Apr1999,11019
1115,5,15Apr1999,17044
259,7,15Apr1999,27066
1524,4,15Apr1999,27044
201,6,15Apr1999,27066
260,4,15Apr1999,27066
1094,4,15Apr1999,11019
220,7,15Apr1999,16002
1579,6,15Apr1999,11019
423,11,15Apr1999,11038
327,6,15Apr1999,11019
1093,5,15Apr1999,11019
150,7,15Apr1999,11019
407,9,15Apr1999,27051
1580,6,15Apr1999,11019
409,12,15Apr1999,27066
649,6,15Apr1999,1042
135,3,15Apr1999,2019
450,14,15Apr1999,15021
337,5,15Apr1999,11019
336,4,15Apr1999,11019
414,6,15Apr1999,20020
1605,22,15Apr1999,28052
1549,10,15Apr1999,14022
628,14,15Apr1999,15021
1507,7,15Apr1999,11019
369,7,16Apr1999,27012
179,13,16Apr1999,27066
227,4,16Apr1999,27066
1026,3,16Apr1999,16061
131,16,16Apr1999,27066
214,9,16Apr1999,11019
1097,5,16Apr1999,27066
1436,8,16Apr1999,27012
219,5,16Apr1999,11038
1444,5,16Apr1999,21000
1017,5,16Apr1999,27066
274,12,16Apr1999,11019
988,6,16Apr1999,16002
225,8,16Apr1999,27066
1035,6,16Apr1999,20101
363,11,16Apr1999,20000
186,7,16Apr1999,27043
1630,7,16Apr1999,11038
866,6,16Apr1999,9003
218,6,16Apr1999,11038
168,4,16Apr1999,11024
1038,8,16Apr1999,11019
1809,13,16Apr1999,2092
159,8,16Apr1999,11019
199,4,16Apr1999,27066
161,5,16Apr1999,11019
163,17,16Apr1999,11019
1460,3,16Apr1999,11011
419,8,16Apr1999,11020
864,5,16Apr1999,9003
176,13,16Apr1999,27066
1018,5,16Apr1999,11019
1082,3,16Apr1999,27012
175,11,16Apr1999,27066
151,8,16Apr1999,20000
11,4,16Apr1999,20000
1064,7,16Apr1999,27066
174,8,16Apr1999,27066
171,4,16Apr1999,21033
1074,2,16Apr1999,16032
166,5,16Apr1999,11024
406,7,16Apr1999,11038
167,6,16Apr1999,11024
10,19,16Apr1999,20000
1654,4,16Apr1999,11019
1638,7,16Apr1999,-1
169,6,16Apr1999,11024
217,8,16Apr1999,11009
238,9,16Apr1999,15021
865,8,16Apr1999,9003
1098,6,16Apr1999,27066
1099,3,16Apr1999,27066
160,42,16Apr1999,11019
1716,10,16Apr1999,21059
1717,5,16Apr1999,21059
269,6,16Apr1999,27066
187,10,16Apr1999,27043
178,7,16Apr1999,27066
1073,1,16Apr1999,16004
237,9,16Apr1999,15021
1492,7,16Apr1999,11038
1687,10,16Apr1999,11019
185,13,16Apr1999,27043
398,3,16Apr1999,11019
1081,4,16Apr1999,27012
224,7,16Apr1999,27066
198,11,16Apr1999,27066
1527,6,16Apr1999,11019
140,6,16Apr1999,11019
1680,8,16Apr1999,11019
172,5,16Apr1999,11024
368,7,16Apr1999,27012
1632,6,16Apr1999,11019
1027,5,16Apr1999,16061
863,6,16Apr1999,9003
270,7,16Apr1999,27066
157,5,16Apr1999,11019
170,6,16Apr1999,11024
862,4,16Apr1999,9003
228,10,16Apr1999,27066
139,4,16Apr1999,11019
177,7,16Apr1999,27066
132,5,16Apr1999,11019
226,10,16Apr1999,27066
1036,2,16Apr1999,20101
1037,9,16Apr1999,20101
1679,7,16Apr1999,11038
1080,7,16Apr1999,27066
1528,4,17Apr1999,11019
694,4,17Apr1999,2019
1530,5,17Apr1999,11019
1532,2,17Apr1999,11019
42,10,17Apr1999,4000
426,10,17Apr1999,17093
271,5,17Apr1999,11019
1529,3,17Apr1999,27043
1101,4,17Apr1999,20000
695,3,17Apr1999,2019
380,4,17Apr1999,27012
332,8,17Apr1999,11019
1057,8,17Apr1999,2019
294,10,17Apr1999,2019
1600,4,17Apr1999,11039
364,12,17Apr1999,27051
1629,7,17Apr1999,27012
1459,8,17Apr1999,13019
1100,6,17Apr1999,20000
1592,5,17Apr1999,27045
399,7,17Apr1999,11019
425,3,17Apr1999,8040
1056,7,17Apr1999,2019
699,8,18Apr1999,25086
531,8,18Apr1999,25086
257,6,18Apr1999,2019
381,7,18Apr1999,13019
258,5,18Apr1999,2019
286,7,18Apr1999,2019
289,6,19Apr1999,6055
362,4,20Apr1999,2019
754,6,20Apr1999,9018
506,6,20Apr1999,9018
762,3,20Apr1999,11010
512,3,20Apr1999,11010
499,8,20Apr1999,11010
763,8,20Apr1999,11010
366,9,22Apr1999,27012
1289,9,22Apr1999,16007
367,7,22Apr1999,27012
365,6,22Apr1999,27066
1454,8,23Apr1999,25034
791,10,23Apr1999,24013
1281,9,24Apr1999,2019
371,16,24Apr1999,27057
1794,10,25Apr1999,-1
1418,8,25Apr1999,18006
379,16,25Apr1999,20000
80,6,26Apr1999,17077
154,8,26Apr1999,1042
1693,5,26Apr1999,11002
395,6,26Apr1999,15016
79,7,26Apr1999,1000
396,6,26Apr1999,15016
138,15,27Apr1999,2039
158,11,27Apr1999,2048
267,8,27Apr1999,2039
136,6,27Apr1999,2048
344,6,27Apr1999,2019
1112,4,27Apr1999,2019
192,8,27Apr1999,2048
137,6,27Apr1999,2048
266,7,27Apr1999,2039
345,5,28Apr1999,6020
1055,16,28Apr1999,20000
489,8,28Apr1999,24072
1197,7,28Apr1999,24070
29,12,28Apr1999,15001
1043,10,28Apr1999,20000
647,2,28Apr1999,24072
1045,10,28Apr1999,17077
640,13,28Apr1999,24072
255,9,28Apr1999,6020
867,5,28Apr1999,17077
347,2,28Apr1999,2019
1182,10,28Apr1999,20046
646,8,28Apr1999,24072
208,9,28Apr1999,6050
995,9,28Apr1999,20020
256,3,28Apr1999,6020
479,9,28Apr1999,17101
607,11,28Apr1999,20000
1441,8,28Apr1999,10095
1834,11,28Apr1999,15001
648,4,28Apr1999,24058
346,10,28Apr1999,8040
1503,12,28Apr1999,16041
1044,10,28Apr1999,20000
822,6,29Apr1999,20014
1476,6,29Apr1999,19060
156,8,29Apr1999,11002
1649,5,29Apr1999,20000
273,11,29Apr1999,21050
272,6,29Apr1999,6028
533,4,29Apr1999,25086
826,8,29Apr1999,20014
969,2,29Apr1999,20065
193,7,29Apr1999,2039
532,11,29Apr1999,25086
1823,7,29Apr1999,15018
823,10,29Apr1999,20014
155,2,29Apr1999,2038
968,6,29Apr1999,20014
907,62,29Apr1999,-1
31,5,30Apr1999,20000
30,6,30Apr1999,20000
789,4,30Apr1999,8045
1651,5,30Apr1999,20000
60,8,30Apr1999,24070
59,6,30Apr1999,24070
875,16,30Apr1999,20000
134,7,30Apr1999,20000
788,7,30Apr1999,8045
54,7,30Apr1999,20000
58,6,30Apr1999,24070
1196,5,30Apr1999,16002
876,16,30Apr1999,20000
334,8,30Apr1999,16030
41,13,30Apr1999,20000
57,5,30Apr1999,20000
1780,6,30Apr1999,20000
420,4,30Apr1999,20000
33,3,30Apr1999,20000
34,,30Apr1999,20000
1734,8,30Apr1999,20000
32,7,30Apr1999,20000
249,13,30Apr1999,17041
1735,5,30Apr1999,20038
386,8,01May1999,15016
1474,5,01May1999,19060
315,6,01May1999,11019
1271,1,01May1999,16010
1650,5,01May1999,20000
111,7,01May1999,24005
387,5,01May1999,15020
612,8,01May1999,20000
40,13,01May1999,20000
1299,4,01May1999,20000
112,0,01May1999,24005
847,12,01May1999,8075
233,5,02May1999,2019
1166,11,02May1999,20000
880,6,02May1999,2019
200,14,02May1999,11021
1681,5,02May1999,27041
230,7,02May1999,16040
234,4,02May1999,2019
1698,6,02May1999,11038
487,9,02May1999,20000
643,9,02May1999,20000
235,3,02May1999,2019
616,5,03May1999,24007
373,8,03May1999,11027
615,5,03May1999,24007
333,12,03May1999,16040
614,5,03May1999,7069
422,8,03May1999,11046
66,5,03May1999,17077
413,9,03May1999,27066
1426,11,03May1999,27069
1425,9,03May1999,27005
1109,5,04May1999,20054
1570,25,04May1999,17101
44,4,04May1999,16062
45,7,04May1999,16000
785,3,04May1999,2019
62,3,05May1999,10028
1576,7,05May1999,11035
702,6,05May1999,21052
405,4,05May1999,11019
340,7,05May1999,16040
771,2,05May1999,24072
1710,8,05May1999,21008
162,6,05May1999,11019
99,5,05May1999,16062
374,6,05May1999,16051
503,2,05May1999,24072
1713,4,06May1999,6059
1712,5,06May1999,6059
1370,6,06May1999,15003
1652,6,06May1999,17070
1711,9,06May1999,6059
1596,12,06May1999,20067
408,10,06May1999,17049
449,4,07May1999,2019
989,12,07May1999,2019
1774,5,07May1999,6023
1776,6,07May1999,6023
1773,12,07May1999,6023
1628,6,07May1999,27066
1775,9,07May1999,6023
383,8,08May1999,17049
1137,7,08May1999,16007
1113,6,08May1999,2019
314,5,08May1999,2019
68,11,08May1999,6052
65,6,08May1999,6020
909,26,08May1999,16000
73,6,08May1999,6052
910,14,08May1999,8079
46,6,09May1999,24024
48,,09May1999,24024
74,10,09May1999,6052
1721,11,09May1999,16062
1424,5,09May1999,3021
1720,13,09May1999,16062
1329,7,09May1999,2017
994,7,09May1999,11019
1703,1,09May1999,11038
47,6,09May1999,24024
1704,6,09May1999,15018
78,6,09May1999,6052
1749,9,09May1999,16062
1645,7,09May1999,11024
1722,8,09May1999,16062
1697,10,10May1999,6065
1677,6,10May1999,11011
1506,5,10May1999,11019
1643,6,10May1999,20106
1676,6,10May1999,11019
1615,14,11May1999,20000
1706,8,11May1999,11019
1695,8,11May1999,27039
1707,10,11May1999,11019
1715,15,12May1999,21059
43,7,13May1999,24021
1728,10,15May1999,3010
75,9,16May1999,21019
76,11,16May1999,21017
1647,7,17May1999,20068
1372,11,17May1999,25032
28,9,17May1999,11049
27,1,17May1999,11049
1371,10,17May1999,25032
26,10,17May1999,11049
67,3,17May1999,11014
1604,6,18May1999,27045
1603,14,18May1999,27045
1683,13,21May1999,27028
1641,7,22May1999,11039
1672,8,22May1999,11019
1627,8,22May1999,11019
1670,8,22May1999,11019
1510,4,22May1999,20093
1685,10,22May1999,27028
1671,8,22May1999,11019
1509,4,22May1999,20093
1659,12,22May1999,11001
1598,3,22May1999,27051
1642,8,22May1999,11039
1660,3,22May1999,11001
1597,12,22May1999,21036
1657,8,22May1999,11001
1673,6,22May1999,11019
1658,9,22May1999,11001
1662,5,23May1999,11021
122,7,23May1999,22011
121,5,23May1999,22011
1668,7,23May1999,11021
1665,13,23May1999,11021
1661,11,23May1999,11021
1666,13,23May1999,11021
1664,11,23May1999,11021
1669,12,23May1999,11021
1667,12,23May1999,11021
1663,10,23May1999,11021
1399,8,24May1999,8011
1391,7,24May1999,8040
416,7,24May1999,27057
1407,5,24May1999,19060
1379,7,25May1999,19060
1420,6,26May1999,19069
1375,6,26May1999,19030
1374,4,26May1999,19060
376,11,26May1999,11019
1388,19,26May1999,25032
352,12,26May1999,11019
1419,5,26May1999,19060
377,6,26May1999,3010
1623,5,26May1999,27036
411,9,26May1999,11019
1684,3,28May1999,27028
1601,5,28May1999,20000
1655,7,28May1999,21052
1656,5,28May1999,21052
1607,40,29May1999,11019
401,3,29May1999,11019
1608,6,29May1999,27066
415,4,29May1999,27057
1644,4,29May1999,20106
1618,6,30May1999,27066
1617,6,30May1999,11019
1622,3,31May1999,11050
1620,5,31May1999,11019
1621,11,31May1999,11019
1452,5,31May1999,9004
1619,2,31May1999,11019
428,6,01Jun1999,27058
431,9,01Jun1999,11046
430,5,01Jun1999,27058
427,,01Jun1999,27042
432,7,01Jun1999,27051
429,5,01Jun1999,27058
1531,5,02Jun1999,27044
1606,12,04Jun1999,21030
1602,9,04Jun1999,11019
1333,5,05Jun1999,16002
69,14,05Jun1999,17070
1705,2,05Jun1999,13000
1518,5,08Jun1999,16015
378,6,10Jun1999,11001
1784,16,15Jun1999,16009
1392,5,15Jun1999,24001
1781,16,16Jun1999,16009
71,10,20Jun1999,21018
1364,3,20Jun1999,17077
965,18,,20080
951,,,-1
1499,14,,21006
204,5,,2048
964,9,,16057
1546,5,,20000
856,,,-1
1008,,,-1
206,4,,2048
1390,12,,19060
1469,6,,16016
1268,3,,17077
433,3,,20000
758,2,,-1
1635,,,-1
144,5,,8044
1007,,,-1
1389,12,,19060
1088,2,,-1
205,4,,2048
983,0,,-1
1275,6,,20020
1011,0,,-1
1009,,,-1
1012,,,-1
